id,scope,representation,family,params,status,warning,bic,aic,k,coverage,min_size,max_size,silhouette,ref_silhouette,db,ch,penalized,eligible
0,behavior,behavior/standard/cat=0.5,KMeans,"{""n_clusters"": 2}",ok,,,,2,1.0,76,124,0.3212707813918878,0.3212707813918878,1.266953745774289,95.66940839463767,0.3212707813918878,True
1,behavior,behavior/standard/cat=0.5,GMM,"{""covariance_type"": ""full"", ""n_components"": 2}",ok,,1148.4726929948013,1112.1912019627728,2,1.0,38,162,0.38716469389108693,0.38716469389108693,1.07368655413358,76.76439814147594,0.38716469389108693,True
2,behavior,behavior/standard/cat=0.5,GMM,"{""covariance_type"": ""tied"", ""n_components"": 2}",ok,,1167.0982269287988,1140.7116879964144,2,1.0,36,164,0.3890613310221014,0.3890613310221014,0.9053607402176885,83.3117561569353,0.3890613310221014,True
3,behavior,behavior/standard/cat=0.5,GMM,"{""covariance_type"": ""diag"", ""n_components"": 2}",ok,,1151.2850252102905,1121.6001689113582,2,1.0,38,162,0.38035201088937015,0.38035201088937015,1.119107454685632,74.39387076977968,0.38035201088937015,True
4,behavior,behavior/standard/cat=0.5,GMM,"{""covariance_type"": ""spherical"", ""n_components"": 2}",ok,,1152.2619893191445,1129.1737677533083,2,1.0,22,178,0.2840524067875467,0.2840524067875467,0.7964119765673415,41.832310306570314,0.2840524067875467,True
5,behavior,behavior/standard/cat=0.5,Agglomerative,"{""linkage"": ""ward"", ""n_clusters"": 2}",ok,,,,2,1.0,39,161,0.3842337621772661,0.3842337621772661,0.8543561756936698,86.96155571243868,0.3842337621772661,True
6,behavior,behavior/standard/cat=0.5,Agglomerative,"{""linkage"": ""complete"", ""n_clusters"": 2}",ok,,,,2,1.0,77,123,0.36071083057634323,0.36071083057634323,1.3480357645931664,90.35525110251466,0.36071083057634323,True
7,behavior,behavior/standard/cat=0.5,Agglomerative,"{""linkage"": ""average"", ""n_clusters"": 2}",ok,,,,2,1.0,39,161,0.3842337621772661,0.3842337621772661,0.8543561756936698,86.96155571243868,0.3842337621772661,True
8,behavior,behavior/standard/cat=0.5,Spectral,"{""affinity"": ""nearest_neighbors"", ""n_clusters"": 2, ""n_neighbors"": 10}",ok,"Graph is not fully connected, spectral embedding may not work as expected.",,,2,1.0,39,161,0.3842337621772661,0.3842337621772661,0.8543561756936698,86.96155571243868,0.3842337621772661,True
9,behavior,behavior/standard/cat=0.5,Spectral,"{""affinity"": ""nearest_neighbors"", ""n_clusters"": 2, ""n_neighbors"": 20}",ok,,,,2,1.0,70,130,0.3640968854382956,0.3640968854382956,1.3952834214859298,83.65347184575155,0.3640968854382956,True
10,behavior,behavior/standard/cat=0.5,Birch,"{""n_clusters"": 2, ""threshold"": 0.2}",ok,,,,2,1.0,71,129,0.3653685325526804,0.3653685325526804,1.3898258376950356,84.75115053871161,0.3653685325526804,True
11,behavior,behavior/standard/cat=0.5,Birch,"{""n_clusters"": 2, ""threshold"": 0.5}",ok,,,,2,1.0,44,156,0.392499029691066,0.392499029691066,1.0793111933615003,86.2332726135648,0.392499029691066,True
12,behavior,behavior/standard/cat=0.5,KMeans,"{""n_clusters"": 3}",ok,,,,3,1.0,38,123,0.46658474419000145,0.46658474419000145,0.716482156943549,151.3351212635948,0.46658474419000145,True
13,behavior,behavior/standard/cat=0.5,GMM,"{""covariance_type"": ""full"", ""n_components"": 3}",ok,,1151.7185708381803,1095.6471756068636,3,1.0,31,137,0.43018957138806657,0.43018957138806657,0.7038876619102569,125.71241169665231,0.43018957138806657,True
14,behavior,behavior/standard/cat=0.5,GMM,"{""covariance_type"": ""tied"", ""n_components"": 3}",ok,,1163.9253314166835,1127.643840384655,3,1.0,33,129,0.45936843078762557,0.45936843078762557,0.7065011478669341,143.79601234502772,0.45936843078762557,True
15,behavior,behavior/standard/cat=0.5,GMM,"{""covariance_type"": ""diag"", ""n_components"": 3}",ok,,1142.3845586725488,1096.2081155408762,3,1.0,31,134,0.439082144277032,0.439082144277032,0.7096289236975984,130.5576797765796,0.439082144277032,True
16,behavior,behavior/standard/cat=0.5,GMM,"{""covariance_type"": ""spherical"", ""n_components"": 3}",ok,,1148.7742529686439,1112.4927619366154,3,1.0,32,135,0.43976779182142395,0.43976779182142395,0.7024915268882789,132.32068500887425,0.43976779182142395,True
17,behavior,behavior/standard/cat=0.5,Agglomerative,"{""linkage"": ""ward"", ""n_clusters"": 3}",ok,,,,3,1.0,32,129,0.4610481446570447,0.4610481446570447,0.7072871869794292,143.77956237851728,0.4610481446570447,True
18,behavior,behavior/standard/cat=0.5,Agglomerative,"{""linkage"": ""complete"", ""n_clusters"": 3}",ok,,,,3,1.0,38,123,0.46658474419000145,0.46658474419000145,0.716482156943549,151.33512126359477,0.46658474419000145,True
19,behavior,behavior/standard/cat=0.5,Agglomerative,"{""linkage"": ""average"", ""n_clusters"": 3}",ok,,,,3,1.0,38,123,0.46658474419000145,0.46658474419000145,0.716482156943549,151.33512126359477,0.46658474419000145,True
20,behavior,behavior/standard/cat=0.5,Spectral,"{""affinity"": ""nearest_neighbors"", ""n_clusters"": 3, ""n_neighbors"": 10}",ok,"Graph is not fully connected, spectral embedding may not work as expected.",,,3,1.0,39,101,0.3859256653292593,0.3859256653292593,0.893680942919613,132.856094894079,0.3859256653292593,True
21,behavior,behavior/standard/cat=0.5,Spectral,"{""affinity"": ""nearest_neighbors"", ""n_clusters"": 3, ""n_neighbors"": 20}",ok,,,,3,1.0,39,107,0.40183915688890415,0.40183915688890415,0.8539429692321323,137.34741155229582,0.40183915688890415,True
22,behavior,behavior/standard/cat=0.5,Birch,"{""n_clusters"": 3, ""threshold"": 0.2}",ok,,,,3,1.0,32,129,0.4610481446570447,0.4610481446570447,0.7072871869794292,143.77956237851728,0.4610481446570447,True
23,behavior,behavior/standard/cat=0.5,Birch,"{""n_clusters"": 3, ""threshold"": 0.5}",ok,,,,3,1.0,8,156,0.3381907215114843,0.3381907215114843,0.7336220634008827,69.32190348075649,0.3381907215114843,True
24,behavior,behavior/standard/cat=0.5,KMeans,"{""n_clusters"": 4}",ok,,,,4,1.0,23,100,0.4939069237513199,0.4939069237513199,0.7095564965521565,174.59521459297633,0.4939069237513199,True
25,behavior,behavior/standard/cat=0.5,GMM,"{""covariance_type"": ""full"", ""n_components"": 4}",ok,,1079.4942807532134,1003.6329813226087,4,1.0,25,107,0.4509105984519961,0.4509105984519961,0.7596497658811847,147.03544101721553,0.4509105984519961,True
26,behavior,behavior/standard/cat=0.5,GMM,"{""covariance_type"": ""tied"", ""n_components"": 4}",ok,,1114.3356237568923,1068.1591806252197,4,1.0,21,107,0.49410661360466934,0.49410661360466934,0.6731609374589045,171.11350940626033,0.49410661360466934,True
27,behavior,behavior/standard/cat=0.5,GMM,"{""covariance_type"": ""diag"", ""n_components"": 4}",ok,,1133.0575916566274,1070.3895616922148,4,1.0,13,122,0.4463370703310027,0.4463370703310027,0.6538219877523527,139.14465724163387,0.4463370703310027,True
28,behavior,behavior/standard/cat=0.5,GMM,"{""covariance_type"": ""spherical"", ""n_components"": 4}",ok,,1127.417019483131,1077.9422589849105,4,1.0,12,122,0.44835227011618684,0.44835227011618684,0.6456584742212398,139.9397631880373,0.44835227011618684,True
29,behavior,behavior/standard/cat=0.5,Agglomerative,"{""linkage"": ""ward"", ""n_clusters"": 4}",ok,,,,4,1.0,21,108,0.4925507715349343,0.4925507715349343,0.670717963503286,169.6798307970432,0.4925507715349343,True
30,behavior,behavior/standard/cat=0.5,Agglomerative,"{""linkage"": ""complete"", ""n_clusters"": 4}",ok,,,,4,1.0,21,102,0.49588122834195303,0.49588122834195303,0.6918983205179571,173.43324344766637,0.49588122834195303,True
31,behavior,behavior/standard/cat=0.5,Agglomerative,"{""linkage"": ""average"", ""n_clusters"": 4}",ok,,,,4,1.0,21,102,0.49588122834195303,0.49588122834195303,0.6918983205179571,173.43324344766637,0.49588122834195303,True
32,behavior,behavior/standard/cat=0.5,Spectral,"{""affinity"": ""nearest_neighbors"", ""n_clusters"": 4, ""n_neighbors"": 10}",ok,"Graph is not fully connected, spectral embedding may not work as expected.",,,4,1.0,39,72,0.3561499948913247,0.3561499948913247,0.9858930538718664,129.95191025632548,0.3561499948913247,True
33,behavior,behavior/standard/cat=0.5,Spectral,"{""affinity"": ""nearest_neighbors"", ""n_clusters"": 4, ""n_neighbors"": 20}",ok,,,,4,1.0,25,97,0.4764795273699645,0.4764795273699645,0.7284006822235098,170.58247600676913,0.4764795273699645,True
34,behavior,behavior/standard/cat=0.5,Birch,"{""n_clusters"": 4, ""threshold"": 0.2}",ok,,,,4,1.0,21,108,0.4925507715349343,0.4925507715349343,0.6707179635032859,169.6798307970432,0.4925507715349343,True
35,behavior,behavior/standard/cat=0.5,Birch,"{""n_clusters"": 4, ""threshold"": 0.5}",ok,,,,4,1.0,8,131,0.3517936867824756,0.3517936867824756,0.7222981644346329,99.41009333144405,0.3517936867824756,True
36,behavior,behavior/standard/cat=0.5,KMeans,"{""n_clusters"": 5}",ok,,,,5,1.0,22,81,0.5546571631111091,0.5546571631111091,0.5722356162263352,248.64932001536357,0.5546571631111091,True
37,behavior,behavior/standard/cat=0.5,GMM,"{""covariance_type"": ""full"", ""n_components"": 5}",ok,,1058.6523808233758,963.0011771934827,5,1.0,21,84,0.5536892843811245,0.5536892843811245,0.5760100302410824,244.94019698586325,0.5536892843811245,True
38,behavior,behavior/standard/cat=0.5,GMM,"{""covariance_type"": ""tied"", ""n_components"": 5}",ok,,1058.9240963769698,1002.8527011456531,5,1.0,20,87,0.5518866863481336,0.5518866863481336,0.5716358287700495,240.92482351014013,0.5518866863481336,True
39,behavior,behavior/standard/cat=0.5,GMM,"{""covariance_type"": ""diag"", ""n_components"": 5}",ok,,1041.6691937618366,962.5095769646837,5,1.0,22,80,0.5533245154963453,0.5533245154963453,0.5669528289994961,247.7652979872361,0.5533245154963453,True
40,behavior,behavior/standard/cat=0.5,GMM,"{""covariance_type"": ""spherical"", ""n_components"": 5}",ok,,1047.0296157420944,984.3615857776817,5,1.0,21,80,0.5538037318866426,0.5538037318866426,0.5660709937568531,247.03498240285842,0.5538037318866426,True
41,behavior,behavior/standard/cat=0.5,Agglomerative,"{""linkage"": ""ward"", ""n_clusters"": 5}",ok,,,,5,1.0,21,85,0.5538089226688662,0.5538089226688662,0.5778621190740154,244.41032586596822,0.5538089226688662,True
42,behavior,behavior/standard/cat=0.5,Agglomerative,"{""linkage"": ""complete"", ""n_clusters"": 5}",ok,,,,5,1.0,21,79,0.5531118656926701,0.5531118656926701,0.5680153557656493,247.20822561006273,0.5531118656926701,True
43,behavior,behavior/standard/cat=0.5,Agglomerative,"{""linkage"": ""average"", ""n_clusters"": 5}",ok,,,,5,1.0,3,102,0.4794263081846086,0.4794263081846086,0.6432512549143866,143.58917126492258,0.4794263081846086,False
44,behavior,behavior/standard/cat=0.5,Spectral,"{""affinity"": ""nearest_neighbors"", ""n_clusters"": 5, ""n_neighbors"": 10}",ok,"Graph is not fully connected, spectral embedding may not work as expected.",,,5,1.0,25,70,0.5165588970675562,0.5165588970675562,0.6082432461820882,231.19339599539265,0.5165588970675562,True
45,behavior,behavior/standard/cat=0.5,Spectral,"{""affinity"": ""nearest_neighbors"", ""n_clusters"": 5, ""n_neighbors"": 20}",ok,,,,5,1.0,25,69,0.49821144436060877,0.49821144436060877,0.6563250650518665,222.14171271434228,0.49821144436060877,True
46,behavior,behavior/standard/cat=0.5,Birch,"{""n_clusters"": 5, ""threshold"": 0.2}",ok,,,,5,1.0,21,85,0.5538089226688662,0.5538089226688662,0.5778621190740154,244.41032586596825,0.5538089226688662,True
47,behavior,behavior/standard/cat=0.5,Birch,"{""n_clusters"": 5, ""threshold"": 0.5}",ok,,,,5,1.0,8,109,0.41445036622016135,0.41445036622016135,0.6979377142679104,125.9486053746465,0.41445036622016135,True
48,behavior,behavior/standard/cat=0.5,KMeans,"{""n_clusters"": 6}",ok,,,,6,1.0,10,81,0.5398800926790663,0.5398800926790663,0.6545674732339849,243.08789485068303,0.5398800926790663,True
49,behavior,behavior/standard/cat=0.5,GMM,"{""covariance_type"": ""full"", ""n_components"": 6}",ok,,1071.5672302937328,956.1261224645515,6,1.0,11,85,0.5358240781913071,0.5358240781913071,0.6631899564076028,238.08637133410053,0.5358240781913071,True
50,behavior,behavior/standard/cat=0.5,GMM,"{""covariance_type"": ""tied"", ""n_components"": 6}",ok,,1054.3338268691577,988.3674795381969,6,1.0,4,85,0.5468908679627367,0.5468908679627367,0.5576756381804838,233.29057695798443,0.5468908679627367,False
51,behavior,behavior/standard/cat=0.5,GMM,"{""covariance_type"": ""diag"", ""n_components"": 6}",ok,,1049.1918806200874,953.5406769901944,6,1.0,11,79,0.5336673981015935,0.5336673981015935,0.6641434996449788,240.5642748903539,0.5336673981015935,True
52,behavior,behavior/standard/cat=0.5,GMM,"{""covariance_type"": ""spherical"", ""n_components"": 6}",ok,,1045.6200763383365,969.7587769077317,6,1.0,9,80,0.5384990375180054,0.5384990375180054,0.6495922914676875,240.19629620426466,0.5384990375180054,True
53,behavior,behavior/standard/cat=0.5,Agglomerative,"{""linkage"": ""ward"", ""n_clusters"": 6}",ok,,,,6,1.0,9,85,0.5386761871036926,0.5386761871036926,0.6448680513555295,233.30880588281195,0.5386761871036926,True
54,behavior,behavior/standard/cat=0.5,Agglomerative,"{""linkage"": ""complete"", ""n_clusters"": 6}",ok,,,,6,1.0,3,79,0.5440860136367434,0.5440860136367434,0.546758563483467,229.62065649600896,0.5440860136367434,False
55,behavior,behavior/standard/cat=0.5,Agglomerative,"{""linkage"": ""average"", ""n_clusters"": 6}",ok,,,,6,1.0,3,102,0.46540298817361486,0.46540298817361486,0.6322343376993286,129.05968593517832,0.46540298817361486,False
56,behavior,behavior/standard/cat=0.5,Spectral,"{""affinity"": ""nearest_neighbors"", ""n_clusters"": 6, ""n_neighbors"": 10}",ok,"Graph is not fully connected, spectral embedding may not work as expected.",,,6,1.0,21,51,0.4526565269552435,0.4526565269552435,0.6681763463081971,229.2037476347244,0.4526565269552435,True
57,behavior,behavior/standard/cat=0.5,Spectral,"{""affinity"": ""nearest_neighbors"", ""n_clusters"": 6, ""n_neighbors"": 20}",ok,,,,6,1.0,21,44,0.4516463590108765,0.4516463590108765,0.6662951332190307,230.36797189516315,0.4516463590108765,True
58,behavior,behavior/standard/cat=0.5,Birch,"{""n_clusters"": 6, ""threshold"": 0.2}",ok,,,,6,1.0,4,85,0.5425671337315336,0.5425671337315336,0.5809259621630999,226.40350357492468,0.5425671337315336,False
59,behavior,behavior/standard/cat=0.5,Birch,"{""n_clusters"": 6, ""threshold"": 0.5}",ok,,,,6,1.0,8,109,0.38976813747593936,0.38976813747593936,0.7351058794755421,114.11458835825538,0.38976813747593936,True
60,behavior,behavior/standard/cat=0.5,KMeans,"{""n_clusters"": 7}",ok,,,,7,1.0,10,79,0.5281492781108291,0.5281492781108291,0.7147841166477835,254.621179742776,0.5281492781108291,True
61,behavior,behavior/standard/cat=0.5,GMM,"{""covariance_type"": ""full"", ""n_components"": 7}",ok,,1085.595834836429,950.3648228079596,7,1.0,12,67,0.38520939104617313,0.38520939104617313,1.027272823595752,177.7775561875545,0.38520939104617313,True
62,behavior,behavior/standard/cat=0.5,GMM,"{""covariance_type"": ""tied"", ""n_components"": 7}",ok,,1037.9159757582013,962.0546763275966,7,1.0,4,85,0.5358580821388503,0.5358580821388503,0.6238684571288388,239.72796173523807,0.5358580821388503,False
63,behavior,behavior/standard/cat=0.5,GMM,"{""covariance_type"": ""diag"", ""n_components"": 7}",ok,,1056.8376669635632,944.6948765009299,7,1.0,11,79,0.5117851395787031,0.5117851395787031,0.7521661642074261,248.49560822310195,0.5117851395787031,True
64,behavior,behavior/standard/cat=0.5,GMM,"{""covariance_type"": ""spherical"", ""n_components"": 7}",ok,,1048.7735913779925,959.7190224811956,7,1.0,7,44,0.43967739140028755,0.43967739140028755,0.7035750621764868,229.05237834640653,0.43967739140028755,True
65,behavior,behavior/standard/cat=0.5,Agglomerative,"{""linkage"": ""ward"", ""n_clusters"": 7}",ok,,,,7,1.0,9,85,0.5197949293475768,0.5197949293475768,0.7132828244810085,237.2585058423049,0.5197949293475768,True
66,behavior,behavior/standard/cat=0.5,Agglomerative,"{""linkage"": ""complete"", ""n_clusters"": 7}",ok,,,,7,1.0,3,79,0.5314268013240602,0.5314268013240602,0.6070142884186706,234.6970085252804,0.5314268013240602,False
67,behavior,behavior/standard/cat=0.5,Agglomerative,"{""linkage"": ""average"", ""n_clusters"": 7}",ok,,,,7,1.0,3,79,0.5392582863552982,0.5392582863552982,0.5547728196810183,230.98515133239306,0.5392582863552982,False
68,behavior,behavior/standard/cat=0.5,Spectral,"{""affinity"": ""nearest_neighbors"", ""n_clusters"": 7, ""n_neighbors"": 10}",ok,"Graph is not fully connected, spectral embedding may not work as expected.",,,7,1.0,15,51,0.4124962003968684,0.4124962003968684,0.852851121318679,210.78303182477964,0.4124962003968684,True
69,behavior,behavior/standard/cat=0.5,Spectral,"{""affinity"": ""nearest_neighbors"", ""n_clusters"": 7, ""n_neighbors"": 20}",ok,,,,7,1.0,21,39,0.4088361714672122,0.4088361714672122,0.6918775583594999,202.938080410737,0.4088361714672122,True
70,behavior,behavior/standard/cat=0.5,Birch,"{""n_clusters"": 7, ""threshold"": 0.2}",ok,,,,7,1.0,4,85,0.5253277322398526,0.5253277322398526,0.647454438691275,229.70630280673507,0.5253277322398526,False
71,behavior,behavior/standard/cat=0.5,Birch,"{""n_clusters"": 7, ""threshold"": 0.5}",ok,,,,7,1.0,8,78,0.5217453976247375,0.5217453976247375,0.7144033378762247,246.0256390235008,0.5217453976247375,True
72,behavior,behavior/standard/cat=0.5,KMeans,"{""n_clusters"": 8}",ok,,,,8,1.0,10,45,0.4567208019716266,0.4567208019716266,0.7579113679371183,267.91422022927196,0.4567208019716266,True
73,behavior,behavior/standard/cat=0.5,GMM,"{""covariance_type"": ""full"", ""n_components"": 8}",ok,,1082.4845110758458,927.4635948480882,8,1.0,8,82,0.46506349904047023,0.46506349904047023,0.837108267200032,196.3550792036551,0.46506349904047023,True
74,behavior,behavior/standard/cat=0.5,GMM,"{""covariance_type"": ""tied"", ""n_components"": 8}",ok,,1038.1640758390415,952.4078243087927,8,1.0,6,84,0.5019619247833944,0.5019619247833944,0.6887916351960619,230.98237764492083,0.5019619247833944,True
75,behavior,behavior/standard/cat=0.5,GMM,"{""covariance_type"": ""diag"", ""n_components"": 8}",ok,,1063.2251520872808,934.5907747919074,8,1.0,9,79,0.48651947950288693,0.48651947950288693,0.7410448847332326,225.9115045918678,0.48651947950288693,True
76,behavior,behavior/standard/cat=0.5,GMM,"{""covariance_type"": ""spherical"", ""n_components"": 8}",ok,,1050.822538791673,948.5747004286839,8,1.0,4,80,0.48777874367334645,0.48777874367334645,0.6502067600315855,213.83086860386297,0.48777874367334645,False
77,behavior,behavior/standard/cat=0.5,Agglomerative,"{""linkage"": ""ward"", ""n_clusters"": 8}",ok,,,,8,1.0,9,49,0.4308617778221774,0.4308617778221774,0.7777411059944139,250.58829418554288,0.4308617778221774,True
78,behavior,behavior/standard/cat=0.5,Agglomerative,"{""linkage"": ""complete"", ""n_clusters"": 8}",ok,,,,8,1.0,3,79,0.5076878140523265,0.5076878140523265,0.7642622826500399,224.5601838303858,0.5076878140523265,False
79,behavior,behavior/standard/cat=0.5,Agglomerative,"{""linkage"": ""average"", ""n_clusters"": 8}",ok,,,,8,1.0,3,79,0.5179077514357665,0.5179077514357665,0.6352061070160258,213.47607227537628,0.5179077514357665,False
80,behavior,behavior/standard/cat=0.5,Spectral,"{""affinity"": ""nearest_neighbors"", ""n_clusters"": 8, ""n_neighbors"": 10}",ok,"Graph is not fully connected, spectral embedding may not work as expected.",,,8,1.0,15,33,0.38542381146399435,0.38542381146399435,0.8622501936766016,194.4781359802126,0.38542381146399435,True
81,behavior,behavior/standard/cat=0.5,Spectral,"{""affinity"": ""nearest_neighbors"", ""n_clusters"": 8, ""n_neighbors"": 20}",ok,,,,8,1.0,19,39,0.36715766849301046,0.36715766849301046,1.0024965415755225,150.55033824954594,0.36715766849301046,True
82,behavior,behavior/standard/cat=0.5,Birch,"{""n_clusters"": 8, ""threshold"": 0.2}",ok,,,,8,1.0,3,85,0.5097892247797734,0.5097892247797734,0.6254740152873209,205.9658245137952,0.5097892247797734,False
83,behavior,behavior/standard/cat=0.5,Birch,"{""n_clusters"": 8, ""threshold"": 0.5}",ok,,,,8,1.0,2,78,0.5064833821932371,0.5064833821932371,0.735879942355729,217.13217576480318,0.5064833821932371,False
84,behavior,behavior/standard/cat=0.5,KMeans,"{""n_clusters"": 9}",ok,,,,9,1.0,10,43,0.4564615682225599,0.4564615682225599,0.7544695009967913,271.2403329701597,0.4564615682225599,True
85,behavior,behavior/standard/cat=0.5,GMM,"{""covariance_type"": ""full"", ""n_components"": 9}",ok,,1106.809536997808,931.9987165707621,9,1.0,9,49,0.4232815191607955,0.4232815191607955,0.8866192265951633,222.72280617750093,0.4232815191607955,True
86,behavior,behavior/standard/cat=0.5,GMM,"{""covariance_type"": ""tied"", ""n_components"": 9}",ok,,1053.0088524050307,957.3576487751376,9,1.0,9,45,0.4548256431898913,0.4548256431898913,0.757604546416505,267.10875926173355,0.4548256431898913,True
87,behavior,behavior/standard/cat=0.5,GMM,"{""covariance_type"": ""diag"", ""n_components"": 9}",ok,,1074.8993737803082,929.7734096521946,9,1.0,11,42,0.4396196878048505,0.4396196878048505,0.7890905823729859,258.80432457469715,0.4396196878048505,True
88,behavior,behavior/standard/cat=0.5,GMM,"{""covariance_type"": ""spherical"", ""n_components"": 9}",ok,,1057.162548109642,941.7214402804609,9,1.0,6,47,0.4346452841601025,0.4346452841601025,0.7323420924563222,246.31257595786636,0.4346452841601025,True
89,behavior,behavior/standard/cat=0.5,Agglomerative,"{""linkage"": ""ward"", ""n_clusters"": 9}",ok,,,,9,1.0,9,49,0.43768997758154127,0.43768997758154127,0.7764870413225806,252.92935867906493,0.43768997758154127,True
90,behavior,behavior/standard/cat=0.5,Agglomerative,"{""linkage"": ""complete"", ""n_clusters"": 9}",ok,,,,9,1.0,3,79,0.4768636229150724,0.4768636229150724,0.7741253760878047,220.25942255661906,0.4768636229150724,False
91,behavior,behavior/standard/cat=0.5,Agglomerative,"{""linkage"": ""average"", ""n_clusters"": 9}",ok,,,,9,1.0,3,79,0.5015271571743558,0.5015271571743558,0.722030283230427,210.41289728665953,0.5015271571743558,False
92,behavior,behavior/standard/cat=0.5,Spectral,"{""affinity"": ""nearest_neighbors"", ""n_clusters"": 9, ""n_neighbors"": 10}",ok,"Graph is not fully connected, spectral embedding may not work as expected.",,,9,1.0,12,32,0.3755098406634779,0.3755098406634779,0.8678209817841809,184.58402190137198,0.3755098406634779,True
93,behavior,behavior/standard/cat=0.5,Spectral,"{""affinity"": ""nearest_neighbors"", ""n_clusters"": 9, ""n_neighbors"": 20}",ok,,,,9,1.0,19,26,0.34083251947122534,0.34083251947122534,0.9116317921624986,108.9167699447276,0.34083251947122534,True
94,behavior,behavior/standard/cat=0.5,Birch,"{""n_clusters"": 9, ""threshold"": 0.2}",ok,,,,9,1.0,3,85,0.4838033939310579,0.4838033939310579,0.6385050497497198,203.25809696648204,0.4838033939310579,False
95,behavior,behavior/standard/cat=0.5,Birch,"{""n_clusters"": 9, ""threshold"": 0.5}",ok,,,,9,1.0,2,78,0.49658698314218486,0.49658698314218486,0.7306847210206433,197.56372141429077,0.49658698314218486,False
96,behavior,behavior/standard/cat=0.5,KMeans,"{""n_clusters"": 10}",ok,,,,10,1.0,7,42,0.44942277625588267,0.44942277625588267,0.7547873492896627,269.3137438361815,0.44942277625588267,True
97,behavior,behavior/standard/cat=0.5,GMM,"{""covariance_type"": ""full"", ""n_components"": 10}",ok,,1113.7710730905192,919.1703484641849,10,1.0,4,72,0.340163992255142,0.340163992255142,1.2925055299443224,107.1223951650206,0.340163992255142,False
98,behavior,behavior/standard/cat=0.5,GMM,"{""covariance_type"": ""tied"", ""n_components"": 10}",ok,,1056.9329274510274,951.3867717214903,10,1.0,3,55,0.44520631779835795,0.44520631779835795,0.7539116891845504,255.97684897887163,0.44520631779835795,False
99,behavior,behavior/standard/cat=0.5,GMM,"{""covariance_type"": ""diag"", ""n_components"": 10}",ok,,1083.531803173715,921.9142522128611,10,1.0,6,49,0.4159972055208948,0.4159972055208948,0.7523816655727394,230.38349356471815,0.4159972055208948,True
100,behavior,behavior/standard/cat=0.5,GMM,"{""covariance_type"": ""spherical"", ""n_components"": 10}",ok,,1057.8357978633928,929.2014205680193,10,1.0,6,48,0.4154510132906249,0.4154510132906249,0.7282435785801389,230.2637362434105,0.4154510132906249,True
101,behavior,behavior/standard/cat=0.5,Agglomerative,"{""linkage"": ""ward"", ""n_clusters"": 10}",ok,,,,10,1.0,9,49,0.4339007174968657,0.4339007174968657,0.766996952436528,252.51721966723878,0.4339007174968657,True
102,behavior,behavior/standard/cat=0.5,Agglomerative,"{""linkage"": ""complete"", ""n_clusters"": 10}",ok,,,,10,1.0,3,79,0.46124751689311266,0.46124751689311266,0.7737505016193136,226.12402411866472,0.46124751689311266,False
103,behavior,behavior/standard/cat=0.5,Agglomerative,"{""linkage"": ""average"", ""n_clusters"": 10}",ok,,,,10,1.0,3,79,0.4811351696667838,0.4811351696667838,0.7264761068563219,214.7702504924834,0.4811351696667838,False
104,behavior,behavior/standard/cat=0.5,Spectral,"{""affinity"": ""nearest_neighbors"", ""n_clusters"": 10, ""n_neighbors"": 10}",ok,"Graph is not fully connected, spectral embedding may not work as expected.",,,10,1.0,12,28,0.3602403712641108,0.3602403712641108,0.8825955092058043,195.62629042481782,0.3602403712641108,True
105,behavior,behavior/standard/cat=0.5,Spectral,"{""affinity"": ""nearest_neighbors"", ""n_clusters"": 10, ""n_neighbors"": 20}",ok,,,,10,1.0,15,24,0.38104813559736384,0.38104813559736384,0.8434919096651134,215.700659395332,0.38104813559736384,True
106,behavior,behavior/standard/cat=0.5,Birch,"{""n_clusters"": 10, ""threshold"": 0.2}",ok,,,,10,1.0,3,85,0.4611359256219283,0.4611359256219283,0.6894577030609692,191.76957173521066,0.4611359256219283,False
107,behavior,behavior/standard/cat=0.5,Birch,"{""n_clusters"": 10, ""threshold"": 0.5}",ok,,,,10,1.0,2,78,0.4773820802546034,0.4773820802546034,0.7316316811458138,207.3177854457297,0.4773820802546034,False
108,behavior,behavior/standard/cat=0.5,DBSCAN,"{""eps"": 0.15528624284612424, ""min_samples"": 4}",ok,,,,8,0.505,4,45,0.44536573604802,0.44536573604802,0.4874667597197917,232.8076813909756,-0.04963426395198001,False
109,behavior,behavior/standard/cat=0.5,DBSCAN,"{""eps"": 0.20857962675000968, ""min_samples"": 4}",ok,,,,6,0.675,6,79,0.5048136002446729,0.5048136002446729,0.572301537402835,201.16589068404372,0.17981360024467297,False
110,behavior,behavior/standard/cat=0.5,DBSCAN,"{""eps"": 0.31170346549350153, ""min_samples"": 4}",ok,,,,7,0.91,3,89,0.513507114519068,0.513507114519068,0.5307645460978312,209.95089159733465,0.4235071145190681,False
111,behavior,behavior/standard/cat=0.5,DBSCAN,"{""eps"": 0.41868919649426356, ""min_samples"": 4}",ok,,,,2,0.935,33,154,0.3945114443526878,0.3945114443526878,0.7576626267332662,85.87489910997772,0.32951144435268787,True
112,behavior,behavior/standard/cat=0.5,DBSCAN,"{""eps"": 0.5837603229815016, ""min_samples"": 4}",ok,,,,1,0.975,195,195,,,,,-inf,False
113,behavior,behavior/standard/cat=0.5,DBSCAN,"{""eps"": 0.22755648111304502, ""min_samples"": 7}",ok,,,,4,0.545,9,79,0.6049600554483818,0.6049600554483818,0.4350557165920896,184.77546153678486,0.14996005544838187,False
114,behavior,behavior/standard/cat=0.5,DBSCAN,"{""eps"": 0.35175965335892345, ""min_samples"": 7}",ok,,,,5,0.775,7,89,0.5533057305572011,0.5533057305572011,0.482266523986147,203.95343856479136,0.32830573055720114,False
115,behavior,behavior/standard/cat=0.5,DBSCAN,"{""eps"": 0.4383819034711214, ""min_samples"": 7}",ok,,,,3,0.92,12,140,0.3688982822361885,0.3688982822361885,0.7175437323095095,71.68871906345971,0.2888982822361885,True
116,behavior,behavior/standard/cat=0.5,DBSCAN,"{""eps"": 0.5762520843310956, ""min_samples"": 7}",ok,,,,1,0.955,191,191,,,,,-inf,False
117,behavior,behavior/standard/cat=0.5,DBSCAN,"{""eps"": 0.7008454512209514, ""min_samples"": 7}",ok,,,,1,0.98,196,196,,,,,-inf,False
118,behavior,behavior/standard/cat=0.5,DBSCAN,"{""eps"": 0.29146592086616213, ""min_samples"": 10}",ok,,,,4,0.56,10,80,0.6073013276663172,0.6073013276663172,0.4706781477775075,190.61894057949127,0.16730132766631722,False
119,behavior,behavior/standard/cat=0.5,DBSCAN,"{""eps"": 0.43027970811137956, ""min_samples"": 10}",ok,,,,4,0.785,12,92,0.5690585732060253,0.5690585732060253,0.49807494341665287,236.79913723736502,0.3540585732060253,False
120,behavior,behavior/standard/cat=0.5,DBSCAN,"{""eps"": 0.5492905985079957, ""min_samples"": 10}",ok,,,,2,0.935,11,176,0.3557309523036748,0.3557309523036748,0.6121058497207659,33.78745239322397,0.29073095230367485,True
121,behavior,behavior/standard/cat=0.5,DBSCAN,"{""eps"": 0.6712839932229048, ""min_samples"": 10}",ok,,,,1,0.975,195,195,,,,,-inf,False
122,behavior,behavior/standard/cat=0.5,DBSCAN,"{""eps"": 0.878883259136673, ""min_samples"": 10}",ok,,,,1,0.98,196,196,,,,,-inf,False
123,behavior,behavior/standard/cat=0.5,HDBSCAN,"{""cluster_selection_method"": ""eom"", ""min_cluster_size"": 5, ""min_samples"": 3}",ok,,,,12,0.825,5,34,0.4534775869917128,0.4534775869917128,0.6393434732586708,224.67912108085102,0.27847758699171277,False
124,behavior,behavior/standard/cat=0.5,HDBSCAN,"{""cluster_selection_method"": ""leaf"", ""min_cluster_size"": 5, ""min_samples"": 3}",ok,,,,13,0.755,5,27,0.45840645362023463,0.45840645362023463,0.6376490514008586,303.5684088887125,0.21340645362023464,False
125,behavior,behavior/standard/cat=0.5,HDBSCAN,"{""cluster_selection_method"": ""eom"", ""min_cluster_size"": 5, ""min_samples"": 5}",ok,,,,6,0.865,5,85,0.5621197657825268,0.5621197657825268,0.4984236822247567,246.09758678946696,0.42711976578252675,False
126,behavior,behavior/standard/cat=0.5,HDBSCAN,"{""cluster_selection_method"": ""leaf"", ""min_cluster_size"": 5, ""min_samples"": 5}",ok,,,,11,0.565,5,20,0.541489720176163,0.541489720176163,0.5621728156902295,388.0717712709098,0.10648972017616298,False
127,behavior,behavior/standard/cat=0.5,HDBSCAN,"{""cluster_selection_method"": ""eom"", ""min_cluster_size"": 5, ""min_samples"": 10}",ok,,,,5,0.73,7,83,0.6300681237365026,0.6300681237365026,0.42971217045967924,255.73829204752664,0.36006812373650254,False
128,behavior,behavior/standard/cat=0.5,HDBSCAN,"{""cluster_selection_method"": ""leaf"", ""min_cluster_size"": 5, ""min_samples"": 10}",ok,,,,6,0.455,7,26,0.6728430149852822,0.6728430149852822,0.3882500110189942,336.9079305676707,0.12784301498528228,False
129,behavior,behavior/standard/cat=0.5,HDBSCAN,"{""cluster_selection_method"": ""eom"", ""min_cluster_size"": 10, ""min_samples"": 3}",ok,,,,6,0.92,12,96,0.5024240906957799,0.5024240906957799,0.627337455333822,187.9687869529197,0.4224240906957799,True
130,behavior,behavior/standard/cat=0.5,HDBSCAN,"{""cluster_selection_method"": ""leaf"", ""min_cluster_size"": 10, ""min_samples"": 3}",ok,,,,8,0.75,10,49,0.5124664122753471,0.5124664122753471,0.6387462973606941,371.4639305761553,0.26246641227534706,False
131,behavior,behavior/standard/cat=0.5,HDBSCAN,"{""cluster_selection_method"": ""eom"", ""min_cluster_size"": 10, ""min_samples"": 5}",ok,,,,5,0.84,12,85,0.6070111219413402,0.6070111219413402,0.4701098827066428,288.3255887616713,0.4470111219413402,False
132,behavior,behavior/standard/cat=0.5,HDBSCAN,"{""cluster_selection_method"": ""leaf"", ""min_cluster_size"": 10, ""min_samples"": 5}",ok,,,,6,0.71,12,39,0.5604966670010101,0.5604966670010101,0.5149494662828857,352.0842273057951,0.27049666700101005,False
133,behavior,behavior/standard/cat=0.5,HDBSCAN,"{""cluster_selection_method"": ""eom"", ""min_cluster_size"": 10, ""min_samples"": 10}",ok,,,,3,0.71,21,95,0.570839924326124,0.570839924326124,0.5466385094879613,175.1738235795952,0.2808399243261239,False
134,behavior,behavior/standard/cat=0.5,HDBSCAN,"{""cluster_selection_method"": ""leaf"", ""min_cluster_size"": 10, ""min_samples"": 10}",ok,,,,4,0.375,10,26,0.650390813739039,0.650390813739039,0.4391402463827852,322.0568636650288,0.025390813739038953,False
135,behavior,behavior/standard/cat=0.5,HDBSCAN,"{""cluster_selection_method"": ""eom"", ""min_cluster_size"": 15, ""min_samples"": 3}",ok,,,,4,0.865,16,96,0.5498502639281853,0.5498502639281853,0.5519678824063305,224.4264544168098,0.41485026392818525,False
136,behavior,behavior/standard/cat=0.5,HDBSCAN,"{""cluster_selection_method"": ""leaf"", ""min_cluster_size"": 15, ""min_samples"": 3}",ok,,,,5,0.765,16,49,0.523783767094278,0.523783767094278,0.6094383453716997,323.31053563609964,0.288783767094278,False
137,behavior,behavior/standard/cat=0.5,HDBSCAN,"{""cluster_selection_method"": ""eom"", ""min_cluster_size"": 15, ""min_samples"": 5}",ok,,,,3,0.825,25,108,0.530779450884761,0.530779450884761,0.5976441386139127,173.47912817063622,0.35577945088476093,False
138,behavior,behavior/standard/cat=0.5,HDBSCAN,"{""cluster_selection_method"": ""leaf"", ""min_cluster_size"": 15, ""min_samples"": 5}",ok,,,,4,0.58,20,39,0.5331924762408524,0.5331924762408524,0.5945205106264766,325.7768957160911,0.11319247624085238,False
139,behavior,behavior/standard/cat=0.5,HDBSCAN,"{""cluster_selection_method"": ""eom"", ""min_cluster_size"": 15, ""min_samples"": 10}",ok,,,,3,0.71,21,95,0.570839924326124,0.570839924326124,0.5466385094879613,175.1738235795952,0.2808399243261239,False
140,behavior,behavior/standard/cat=0.5,HDBSCAN,"{""cluster_selection_method"": ""leaf"", ""min_cluster_size"": 15, ""min_samples"": 10}",ok,,,,3,0.71,21,95,0.570839924326124,0.570839924326124,0.5466385094879613,175.1738235795952,0.2808399243261239,False
141,behavior,behavior/standard/cat=0.5,HDBSCAN,"{""cluster_selection_method"": ""eom"", ""min_cluster_size"": 20, ""min_samples"": 3}",ok,,,,3,0.93,27,125,0.4585425915002643,0.4585425915002643,0.6600159014165389,132.9892669111759,0.3885425915002643,True
142,behavior,behavior/standard/cat=0.5,HDBSCAN,"{""cluster_selection_method"": ""leaf"", ""min_cluster_size"": 20, ""min_samples"": 3}",ok,,,,4,0.685,27,49,0.5118717116236472,0.5118717116236472,0.6493217840626476,314.8937587380589,0.19687171162364725,False
143,behavior,behavior/standard/cat=0.5,HDBSCAN,"{""cluster_selection_method"": ""eom"", ""min_cluster_size"": 20, ""min_samples"": 5}",ok,,,,3,0.825,25,108,0.530779450884761,0.530779450884761,0.5976441386139127,173.47912817063622,0.35577945088476093,False
144,behavior,behavior/standard/cat=0.5,HDBSCAN,"{""cluster_selection_method"": ""leaf"", ""min_cluster_size"": 20, ""min_samples"": 5}",ok,,,,4,0.58,20,39,0.5331924762408524,0.5331924762408524,0.5945205106264766,325.7768957160911,0.11319247624085238,False
145,behavior,behavior/standard/cat=0.5,HDBSCAN,"{""cluster_selection_method"": ""eom"", ""min_cluster_size"": 20, ""min_samples"": 10}",ok,,,,3,0.71,21,95,0.570839924326124,0.570839924326124,0.5466385094879613,175.1738235795952,0.2808399243261239,False
146,behavior,behavior/standard/cat=0.5,HDBSCAN,"{""cluster_selection_method"": ""leaf"", ""min_cluster_size"": 20, ""min_samples"": 10}",ok,,,,3,0.71,21,95,0.570839924326124,0.570839924326124,0.5466385094879613,175.1738235795952,0.2808399243261239,False
147,behavior,behavior/standard/cat=0.5,OPTICS,"{""min_cluster_size"": 0.05, ""min_samples"": 5, ""xi"": 0.03}",ok,,,,8,0.52,10,22,0.6093215327531649,0.6093215327531649,0.5432675712212238,486.8694925582245,0.12932153275316494,False
148,behavior,behavior/standard/cat=0.5,OPTICS,"{""min_cluster_size"": 0.05, ""min_samples"": 5, ""xi"": 0.05}",ok,unclosed file <_io.BufferedReader name='c:\\Users\\Taghavi\\Desktop\\Documents\\Documents\\ML-Projects\\dataset.xlsx'>,,,8,0.52,10,22,0.6093215327531649,0.6093215327531649,0.5432675712212238,486.8694925582245,0.12932153275316494,False
149,behavior,behavior/standard/cat=0.5,OPTICS,"{""min_cluster_size"": 0.05, ""min_samples"": 5, ""xi"": 0.1}",ok,,,,7,0.455,10,22,0.6843622011138863,0.6843622011138863,0.40796589269205175,516.944038490448,0.13936220111388642,False
150,behavior,behavior/standard/cat=0.5,OPTICS,"{""min_cluster_size"": 0.05, ""min_samples"": 10, ""xi"": 0.03}",ok,,,,6,0.54,13,31,0.6173846752898696,0.6173846752898696,0.4628308745950909,386.3140173560013,0.15738467528986966,False
151,behavior,behavior/standard/cat=0.5,OPTICS,"{""min_cluster_size"": 0.05, ""min_samples"": 10, ""xi"": 0.05}",ok,,,,6,0.53,11,31,0.6170643444757605,0.6170643444757605,0.4598558226434531,379.15643806879575,0.14706434447576056,False
152,behavior,behavior/standard/cat=0.5,OPTICS,"{""min_cluster_size"": 0.05, ""min_samples"": 10, ""xi"": 0.1}",ok,,,,3,0.53,11,82,0.6200027483037306,0.6200027483037306,0.4167323571971638,168.161966756812,0.15000274830373062,False
153,behavior,behavior/robust/cat=0.5,KMeans,"{""n_clusters"": 2}",ok,,,,2,1.0,90,110,0.3068335124586998,0.2932903073400333,1.2712600891978587,94.36704998146674,0.2932903073400333,True
154,behavior,behavior/robust/cat=0.5,GMM,"{""covariance_type"": ""full"", ""n_components"": 2}",ok,,857.7057020626936,821.4242110306652,2,1.0,38,162,0.37973416896224693,0.38716469389108693,1.07368655413358,76.76439814147594,0.38716469389108693,True
155,behavior,behavior/robust/cat=0.5,GMM,"{""covariance_type"": ""tied"", ""n_components"": 2}",ok,,873.8668995219318,847.4803605895476,2,1.0,34,166,0.4009144915364003,0.4018336109548072,0.8847496344340007,82.37543375876216,0.4018336109548072,True
156,behavior,behavior/robust/cat=0.5,GMM,"{""covariance_type"": ""diag"", ""n_components"": 2}",ok,,860.5639566700573,830.879100371125,2,1.0,38,162,0.3721590290835943,0.38035201088937015,1.119107454685632,74.39387076977968,0.38035201088937015,True
157,behavior,behavior/robust/cat=0.5,GMM,"{""covariance_type"": ""spherical"", ""n_components"": 2}",ok,,875.4190527659199,852.3308312000836,2,1.0,90,110,0.3101198097392059,0.30373406904212513,1.6212726890186824,58.059987201233234,0.30373406904212513,True
158,behavior,behavior/robust/cat=0.5,Agglomerative,"{""linkage"": ""ward"", ""n_clusters"": 2}",ok,,,,2,1.0,71,129,0.37172602312582614,0.3653685325526804,1.3898258376950356,84.75115053871161,0.3653685325526804,True
159,behavior,behavior/robust/cat=0.5,Agglomerative,"{""linkage"": ""complete"", ""n_clusters"": 2}",ok,,,,2,1.0,71,129,0.37172602312582614,0.3653685325526804,1.3898258376950356,84.75115053871161,0.3653685325526804,True
160,behavior,behavior/robust/cat=0.5,Agglomerative,"{""linkage"": ""average"", ""n_clusters"": 2}",ok,,,,2,1.0,39,161,0.38130169812683057,0.3842337621772661,0.8543561756936698,86.96155571243868,0.3842337621772661,True
161,behavior,behavior/robust/cat=0.5,Spectral,"{""affinity"": ""nearest_neighbors"", ""n_clusters"": 2, ""n_neighbors"": 10}",ok,"Graph is not fully connected, spectral embedding may not work as expected.",,,2,1.0,39,161,0.38130169812683057,0.3842337621772661,0.8543561756936698,86.96155571243868,0.3842337621772661,True
162,behavior,behavior/robust/cat=0.5,Spectral,"{""affinity"": ""nearest_neighbors"", ""n_clusters"": 2, ""n_neighbors"": 20}",ok,,,,2,1.0,74,126,0.36724738153278574,0.36017884704461445,1.3743163723370417,86.87318617622081,0.36017884704461445,True
163,behavior,behavior/robust/cat=0.5,Birch,"{""n_clusters"": 2, ""threshold"": 0.2}",ok,,,,2,1.0,77,123,0.36882667830664245,0.36071083057634323,1.3480357645931664,90.35525110251466,0.36071083057634323,True
164,behavior,behavior/robust/cat=0.5,Birch,"{""n_clusters"": 2, ""threshold"": 0.5}",ok,,,,2,1.0,67,133,0.3696557390632252,0.36371720297558546,1.3840627233521303,83.06875834827864,0.36371720297558546,True
165,behavior,behavior/robust/cat=0.5,KMeans,"{""n_clusters"": 3}",ok,,,,3,1.0,38,123,0.47029393594847796,0.46658474419000145,0.716482156943549,151.3351212635948,0.46658474419000145,True
166,behavior,behavior/robust/cat=0.5,GMM,"{""covariance_type"": ""full"", ""n_components"": 3}",ok,,831.3283158707876,775.256920639471,3,1.0,25,108,0.293686774832828,0.29327249241461845,1.3488845360467379,60.19982067920993,0.29327249241461845,True
167,behavior,behavior/robust/cat=0.5,GMM,"{""covariance_type"": ""tied"", ""n_components"": 3}",ok,,873.1428269248886,836.8613358928602,3,1.0,33,129,0.462462914033871,0.45936843078762557,0.7065011478669341,143.79601234502772,0.45936843078762557,True
168,behavior,behavior/robust/cat=0.5,GMM,"{""covariance_type"": ""diag"", ""n_components"": 3}",ok,,851.6023602037968,805.4259170721243,3,1.0,31,134,0.44151474678116615,0.439082144277032,0.7096289236975984,130.5576797765796,0.439082144277032,True
169,behavior,behavior/robust/cat=0.5,GMM,"{""covariance_type"": ""spherical"", ""n_components"": 3}",ok,,816.5751443521946,780.2936533201662,3,1.0,11,122,0.13152485254299026,0.13232507844281755,2.927917757851659,18.206143658152342,0.13232507844281755,True
170,behavior,behavior/robust/cat=0.5,Agglomerative,"{""linkage"": ""ward"", ""n_clusters"": 3}",ok,,,,3,1.0,32,129,0.4638113234462427,0.4610481446570447,0.7072871869794292,143.77956237851728,0.4610481446570447,True
171,behavior,behavior/robust/cat=0.5,Agglomerative,"{""linkage"": ""complete"", ""n_clusters"": 3}",ok,,,,3,1.0,32,129,0.4638113234462427,0.4610481446570447,0.7072871869794292,143.77956237851728,0.4610481446570447,True
172,behavior,behavior/robust/cat=0.5,Agglomerative,"{""linkage"": ""average"", ""n_clusters"": 3}",ok,,,,3,1.0,38,123,0.47029393594847796,0.46658474419000145,0.716482156943549,151.33512126359477,0.46658474419000145,True
173,behavior,behavior/robust/cat=0.5,Spectral,"{""affinity"": ""nearest_neighbors"", ""n_clusters"": 3, ""n_neighbors"": 10}",ok,"Graph is not fully connected, spectral embedding may not work as expected.",,,3,1.0,39,101,0.39118913016281776,0.3859256653292593,0.893680942919613,132.856094894079,0.3859256653292593,True
174,behavior,behavior/robust/cat=0.5,Spectral,"{""affinity"": ""nearest_neighbors"", ""n_clusters"": 3, ""n_neighbors"": 20}",ok,,,,3,1.0,40,102,0.39667080320732195,0.3913195177821074,0.8807589529686138,134.5357718185339,0.3913195177821074,True
175,behavior,behavior/robust/cat=0.5,Birch,"{""n_clusters"": 3, ""threshold"": 0.2}",ok,,,,3,1.0,38,123,0.47029393594847796,0.46658474419000145,0.716482156943549,151.33512126359477,0.46658474419000145,True
176,behavior,behavior/robust/cat=0.5,Birch,"{""n_clusters"": 3, ""threshold"": 0.5}",ok,,,,3,1.0,28,133,0.4398910173065309,0.43660019796258404,0.7180349242647363,129.91513168363468,0.43660019796258404,True
177,behavior,behavior/robust/cat=0.5,KMeans,"{""n_clusters"": 4}",ok,,,,4,1.0,23,100,0.4909840957730004,0.4939069237513199,0.7095564965521565,174.59521459297633,0.4939069237513199,True
178,behavior,behavior/robust/cat=0.5,GMM,"{""covariance_type"": ""full"", ""n_components"": 4}",ok,,764.7093819966685,688.8480825660637,4,1.0,32,85,0.4594271997435744,0.45923807534232913,1.031162128622366,144.7542677269152,0.45923807534232913,True
179,behavior,behavior/robust/cat=0.5,GMM,"{""covariance_type"": ""tied"", ""n_components"": 4}",ok,,827.5843935443826,781.4079504127101,4,1.0,21,106,0.4869047757837828,0.49017754129087293,0.6964801602605529,167.63762845335776,0.49017754129087293,True
180,behavior,behavior/robust/cat=0.5,GMM,"{""covariance_type"": ""diag"", ""n_components"": 4}",ok,,751.2319221163356,688.5638921519229,4,1.0,37,79,0.4539908451237123,0.4531991107378122,1.0484467280716538,146.06604430369313,0.4531991107378122,True
181,behavior,behavior/robust/cat=0.5,GMM,"{""covariance_type"": ""spherical"", ""n_components"": 4}",ok,,805.8326104914379,756.3578499932173,4,1.0,38,71,0.42618894577057126,0.424069164609319,1.0118534464937883,146.49301456111928,0.424069164609319,True
182,behavior,behavior/robust/cat=0.5,Agglomerative,"{""linkage"": ""ward"", ""n_clusters"": 4}",ok,,,,4,1.0,21,108,0.4886326465588366,0.4925507715349343,0.6707179635032859,169.6798307970432,0.4925507715349343,True
183,behavior,behavior/robust/cat=0.5,Agglomerative,"{""linkage"": ""complete"", ""n_clusters"": 4}",ok,,,,4,1.0,21,108,0.4886326465588366,0.4925507715349343,0.670717963503286,169.6798307970432,0.4925507715349343,True
184,behavior,behavior/robust/cat=0.5,Agglomerative,"{""linkage"": ""average"", ""n_clusters"": 4}",ok,,,,4,1.0,3,123,0.44547033159797506,0.4403749615889977,0.6514347688336259,109.31266829957156,0.4403749615889977,False
185,behavior,behavior/robust/cat=0.5,Spectral,"{""affinity"": ""nearest_neighbors"", ""n_clusters"": 4, ""n_neighbors"": 10}",ok,"Graph is not fully connected, spectral embedding may not work as expected.",,,4,1.0,34,69,0.3517616514526351,0.35055781655384766,1.0136926777110962,129.85366700860982,0.35055781655384766,True
186,behavior,behavior/robust/cat=0.5,Spectral,"{""affinity"": ""nearest_neighbors"", ""n_clusters"": 4, ""n_neighbors"": 20}",ok,,,,4,1.0,25,94,0.4584386178896169,0.46042728651733017,0.7567962066621512,164.75480782859947,0.46042728651733017,True
187,behavior,behavior/robust/cat=0.5,Birch,"{""n_clusters"": 4, ""threshold"": 0.2}",ok,,,,4,1.0,20,103,0.48910127991307184,0.49128787383514444,0.691078118543557,170.43742237098192,0.49128787383514444,True
188,behavior,behavior/robust/cat=0.5,Birch,"{""n_clusters"": 4, ""threshold"": 0.5}",ok,,,,4,1.0,4,133,0.40847384091305355,0.4038976998128732,0.6659885548195398,94.62190802699438,0.4038976998128732,False
189,behavior,behavior/robust/cat=0.5,KMeans,"{""n_clusters"": 5}",ok,,,,5,1.0,22,81,0.5516518249155914,0.5546571631111091,0.5722356162263352,248.64932001536363,0.5546571631111091,True
190,behavior,behavior/robust/cat=0.5,GMM,"{""covariance_type"": ""full"", ""n_components"": 5}",ok,,767.8701651382668,672.2189615083737,5,1.0,21,84,0.5501172521369351,0.5536892843811245,0.5760100302410824,244.94019698586314,0.5536892843811245,True
191,behavior,behavior/robust/cat=0.5,GMM,"{""covariance_type"": ""tied"", ""n_components"": 5}",ok,,768.1416566248887,712.0702613935721,5,1.0,20,87,0.5479578935957596,0.5518866863481336,0.5716358287700495,240.92482351014013,0.5518866863481336,True
192,behavior,behavior/robust/cat=0.5,GMM,"{""covariance_type"": ""diag"", ""n_components"": 5}",ok,,750.8868081214414,671.7271913242886,5,1.0,22,80,0.5504836608466707,0.5533245154963453,0.5669528289994962,247.76529798723615,0.5533245154963453,True
193,behavior,behavior/robust/cat=0.5,GMM,"{""covariance_type"": ""spherical"", ""n_components"": 5}",ok,,761.3362477327526,698.6682177683399,5,1.0,21,80,0.5513423884423995,0.5538037318866426,0.5660709937568531,247.03498240285847,0.5538037318866426,True
194,behavior,behavior/robust/cat=0.5,Agglomerative,"{""linkage"": ""ward"", ""n_clusters"": 5}",ok,,,,5,1.0,21,85,0.5504067343690165,0.5538089226688662,0.5778621190740154,244.41032586596816,0.5538089226688662,True
195,behavior,behavior/robust/cat=0.5,Agglomerative,"{""linkage"": ""complete"", ""n_clusters"": 5}",ok,,,,5,1.0,21,85,0.5504067343690165,0.5538089226688662,0.5778621190740154,244.41032586596822,0.5538089226688662,True
196,behavior,behavior/robust/cat=0.5,Agglomerative,"{""linkage"": ""average"", ""n_clusters"": 5}",ok,,,,5,1.0,3,102,0.4781167268704232,0.4794263081846086,0.6432512549143867,143.58917126492258,0.4794263081846086,False
197,behavior,behavior/robust/cat=0.5,Spectral,"{""affinity"": ""nearest_neighbors"", ""n_clusters"": 5, ""n_neighbors"": 10}",ok,"Graph is not fully connected, spectral embedding may not work as expected.",,,5,1.0,24,71,0.5145552791337421,0.5158085938365926,0.6194722031477421,230.15892064964814,0.5158085938365926,True
198,behavior,behavior/robust/cat=0.5,Spectral,"{""affinity"": ""nearest_neighbors"", ""n_clusters"": 5, ""n_neighbors"": 20}",ok,,,,5,1.0,26,68,0.4905010404010806,0.4912263862117618,0.668482743089451,217.89478967993674,0.4912263862117618,True
199,behavior,behavior/robust/cat=0.5,Birch,"{""n_clusters"": 5, ""threshold"": 0.2}",ok,,,,5,1.0,3,103,0.47361710411249164,0.47469256723824466,0.6426410741799045,140.98642959989468,0.47469256723824466,False
200,behavior,behavior/robust/cat=0.5,Birch,"{""n_clusters"": 5, ""threshold"": 0.5}",ok,,,,5,1.0,4,94,0.3675097028639243,0.3689781406718788,0.8134805904928598,120.70495788029048,0.3689781406718788,False
201,behavior,behavior/robust/cat=0.5,KMeans,"{""n_clusters"": 6}",ok,,,,6,1.0,10,81,0.5390883548184416,0.5398800926790663,0.6545674732339849,243.08789485068303,0.5398800926790663,True
202,behavior,behavior/robust/cat=0.5,GMM,"{""covariance_type"": ""full"", ""n_components"": 6}",ok,,780.7774520211968,665.3363441920155,6,1.0,11,84,0.5348467759282208,0.5360698006733816,0.6621414334317254,238.6804616671822,0.5360698006733816,True
203,behavior,behavior/robust/cat=0.5,GMM,"{""covariance_type"": ""tied"", ""n_components"": 6}",ok,,763.6200008527779,697.6536535218172,6,1.0,4,85,0.544894626279838,0.5468908679627367,0.5576756381804838,233.29057695798448,0.5468908679627367,False
204,behavior,behavior/robust/cat=0.5,GMM,"{""covariance_type"": ""diag"", ""n_components"": 6}",ok,,758.40987522325,662.7586715933569,6,1.0,11,79,0.5331422005628867,0.5336673981015935,0.6641434996449788,240.56427489035394,0.5336673981015935,True
205,behavior,behavior/robust/cat=0.5,GMM,"{""covariance_type"": ""spherical"", ""n_components"": 6}",ok,,757.4070097038235,681.5457102732187,6,1.0,10,80,0.538618782554759,0.5389839298034981,0.6508665693358934,241.26752202525546,0.5389839298034981,True
206,behavior,behavior/robust/cat=0.5,Agglomerative,"{""linkage"": ""ward"", ""n_clusters"": 6}",ok,,,,6,1.0,9,85,0.5358036695267591,0.5386761871036926,0.6448680513555294,233.30880588281204,0.5386761871036926,True
207,behavior,behavior/robust/cat=0.5,Agglomerative,"{""linkage"": ""complete"", ""n_clusters"": 6}",ok,,,,6,1.0,3,85,0.5416866352998239,0.5442366700179976,0.5549090817957926,226.73281359515752,0.5442366700179976,False
208,behavior,behavior/robust/cat=0.5,Agglomerative,"{""linkage"": ""average"", ""n_clusters"": 6}",ok,,,,6,1.0,3,102,0.4666868487487173,0.46540298817361486,0.6322343376993286,129.05968593517832,0.46540298817361486,False
209,behavior,behavior/robust/cat=0.5,Spectral,"{""affinity"": ""nearest_neighbors"", ""n_clusters"": 6, ""n_neighbors"": 10}",ok,"Graph is not fully connected, spectral embedding may not work as expected.",,,6,1.0,21,42,0.45011943891041994,0.4481385489191586,0.6721050261066942,229.26421703837212,0.4481385489191586,True
210,behavior,behavior/robust/cat=0.5,Spectral,"{""affinity"": ""nearest_neighbors"", ""n_clusters"": 6, ""n_neighbors"": 20}",ok,,,,6,1.0,21,45,0.4528439890042037,0.4511775848876358,0.6660234414450975,230.21363838059952,0.4511775848876358,True
211,behavior,behavior/robust/cat=0.5,Birch,"{""n_clusters"": 6, ""threshold"": 0.2}",ok,,,,6,1.0,3,73,0.5033055627997055,0.5041555373467432,0.5993213616657469,207.0114644484314,0.5041555373467432,False
212,behavior,behavior/robust/cat=0.5,Birch,"{""n_clusters"": 6, ""threshold"": 0.5}",ok,,,,6,1.0,4,67,0.44363958428357764,0.44102746666075954,0.6760312022769391,175.82524886953823,0.44102746666075954,False
213,behavior,behavior/robust/cat=0.5,KMeans,"{""n_clusters"": 7}",ok,,,,7,1.0,10,78,0.5301862669710271,0.5273963610540069,0.7187878182223459,254.61139623273493,0.5273963610540069,True
214,behavior,behavior/robust/cat=0.5,GMM,"{""covariance_type"": ""full"", ""n_components"": 7}",ok,,796.7166016781632,661.4855896496937,7,1.0,10,84,0.5046885451559636,0.5093311040631094,0.6354221796399973,212.25731214184106,0.5093311040631094,True
215,behavior,behavior/robust/cat=0.5,GMM,"{""covariance_type"": ""tied"", ""n_components"": 7}",ok,,747.1711089866077,671.3098095560028,7,1.0,4,84,0.5364518567529606,0.5360674091304758,0.6276609628913922,241.371414396556,0.5360674091304758,False
216,behavior,behavior/robust/cat=0.5,GMM,"{""covariance_type"": ""diag"", ""n_components"": 7}",ok,,765.0843515466678,652.9415610840346,7,1.0,12,80,0.4973151941939774,0.5014800995956212,0.6519483795788855,209.05118908853302,0.5014800995956212,True
217,behavior,behavior/robust/cat=0.5,GMM,"{""covariance_type"": ""spherical"", ""n_components"": 7}",ok,,759.9293333623723,670.8747644655754,7,1.0,10,80,0.4860868837896409,0.48887164362062974,0.6603523676978692,202.81204997267125,0.48887164362062974,True
218,behavior,behavior/robust/cat=0.5,Agglomerative,"{""linkage"": ""ward"", ""n_clusters"": 7}",ok,,,,7,1.0,9,85,0.5198236681836821,0.5197949293475768,0.7132828244810085,237.2585058423049,0.5197949293475768,True
219,behavior,behavior/robust/cat=0.5,Agglomerative,"{""linkage"": ""complete"", ""n_clusters"": 7}",ok,,,,7,1.0,3,85,0.5364307323036501,0.5373700537309652,0.5608142383404683,222.855587431145,0.5373700537309652,False
220,behavior,behavior/robust/cat=0.5,Agglomerative,"{""linkage"": ""average"", ""n_clusters"": 7}",ok,,,,7,1.0,3,79,0.5397222181528424,0.5392582863552982,0.5547728196810183,230.98515133239314,0.5392582863552982,False
221,behavior,behavior/robust/cat=0.5,Spectral,"{""affinity"": ""nearest_neighbors"", ""n_clusters"": 7, ""n_neighbors"": 10}",ok,"Graph is not fully connected, spectral embedding may not work as expected.",,,7,1.0,14,42,0.40862514311428233,0.4076510045024689,0.8321921179092528,211.12726070671266,0.4076510045024689,True
222,behavior,behavior/robust/cat=0.5,Spectral,"{""affinity"": ""nearest_neighbors"", ""n_clusters"": 7, ""n_neighbors"": 20}",ok,,,,7,1.0,21,39,0.406436905602281,0.40917187736401384,0.6937429629642271,203.14179353732564,0.40917187736401384,True
223,behavior,behavior/robust/cat=0.5,Birch,"{""n_clusters"": 7, ""threshold"": 0.2}",ok,,,,7,1.0,3,73,0.5015311308584587,0.5002923927157109,0.5994034051170212,205.17058009134485,0.5002923927157109,False
224,behavior,behavior/robust/cat=0.5,Birch,"{""n_clusters"": 7, ""threshold"": 0.5}",ok,Number of subclusters found (6) by BIRCH is less than (7). Decrease the threshold.,,,6,1.0,4,67,0.44363958428357764,0.44102746666075954,0.6760312022769391,175.82524886953817,0.44102746666075954,False
225,behavior,behavior/robust/cat=0.5,KMeans,"{""n_clusters"": 8}",ok,,,,8,1.0,10,44,0.4617827770023763,0.4542175096183406,0.7609603918586874,267.4412295114933,0.4542175096183406,True
226,behavior,behavior/robust/cat=0.5,GMM,"{""covariance_type"": ""full"", ""n_components"": 8}",ok,,808.7143256647689,653.6934094370112,8,1.0,14,43,0.4219652202171668,0.4161987089293251,0.8981181993195801,227.57701107432882,0.4161987089293251,True
227,behavior,behavior/robust/cat=0.5,GMM,"{""covariance_type"": ""tied"", ""n_components"": 8}",ok,,756.5596808375911,670.8034293073422,8,1.0,4,84,0.5184198790075221,0.5177037325137537,0.7129829567954347,224.8827796166929,0.5177037325137537,False
228,behavior,behavior/robust/cat=0.5,GMM,"{""covariance_type"": ""diag"", ""n_components"": 8}",ok,,773.4851838490667,644.8508065536934,8,1.0,11,49,0.4534596137958627,0.44412310523417853,0.7847719392783279,258.79604653277266,0.44412310523417853,True
229,behavior,behavior/robust/cat=0.5,GMM,"{""covariance_type"": ""spherical"", ""n_components"": 8}",ok,,758.8924129808835,656.6445746178944,8,1.0,9,48,0.4521713841944053,0.4439605334294636,0.7700266743334844,257.0950677154576,0.4439605334294636,True
230,behavior,behavior/robust/cat=0.5,Agglomerative,"{""linkage"": ""ward"", ""n_clusters"": 8}",ok,,,,8,1.0,9,49,0.4372039694173995,0.4308617778221774,0.7777411059944139,250.58829418554288,0.4308617778221774,True
231,behavior,behavior/robust/cat=0.5,Agglomerative,"{""linkage"": ""complete"", ""n_clusters"": 8}",ok,,,,8,1.0,3,56,0.4496824385701767,0.44525889591469137,0.6178149497031891,234.07621575966357,0.44525889591469137,False
232,behavior,behavior/robust/cat=0.5,Agglomerative,"{""linkage"": ""average"", ""n_clusters"": 8}",ok,,,,8,1.0,3,79,0.5248067158349756,0.5226876018494816,0.6625041788390955,221.27963069815956,0.5226876018494816,False
233,behavior,behavior/robust/cat=0.5,Spectral,"{""affinity"": ""nearest_neighbors"", ""n_clusters"": 8, ""n_neighbors"": 10}",ok,"Graph is not fully connected, spectral embedding may not work as expected.",,,8,1.0,14,36,0.3782683240074155,0.381905072959511,0.8360729723959228,194.94758866447808,0.381905072959511,True
234,behavior,behavior/robust/cat=0.5,Spectral,"{""affinity"": ""nearest_neighbors"", ""n_clusters"": 8, ""n_neighbors"": 20}",ok,,,,8,1.0,20,34,0.3857837289311702,0.38418131622192175,0.8394702695719999,153.88921586711913,0.38418131622192175,True
235,behavior,behavior/robust/cat=0.5,Birch,"{""n_clusters"": 8, ""threshold"": 0.2}",ok,,,,8,1.0,3,73,0.48148312686415,0.47853923986327773,0.7560014310645528,194.0483652394449,0.47853923986327773,False
236,behavior,behavior/robust/cat=0.5,Birch,"{""n_clusters"": 8, ""threshold"": 0.5}",ok,Number of subclusters found (6) by BIRCH is less than (8). Decrease the threshold.,,,6,1.0,4,67,0.44363958428357764,0.44102746666075954,0.6760312022769391,175.82524886953817,0.44102746666075954,False
237,behavior,behavior/robust/cat=0.5,KMeans,"{""n_clusters"": 9}",ok,,,,9,1.0,10,43,0.462367737812564,0.45842922015102117,0.761967762498842,271.0852525320294,0.45842922015102117,True
238,behavior,behavior/robust/cat=0.5,GMM,"{""covariance_type"": ""full"", ""n_components"": 9}",ok,,811.0988874986324,636.2880670715865,9,1.0,7,54,0.4053719877670921,0.40396672009573786,0.861866547977792,215.62920779043137,0.40396672009573786,True
239,behavior,behavior/robust/cat=0.5,GMM,"{""covariance_type"": ""tied"", ""n_components"": 9}",ok,,762.3409843659948,666.6897807361017,9,1.0,9,53,0.46043762212990375,0.456560319205566,0.7523969835638155,265.70824764129156,0.456560319205566,True
240,behavior,behavior/robust/cat=0.5,GMM,"{""covariance_type"": ""diag"", ""n_components"": 9}",ok,,779.7777124088052,634.6517482806917,9,1.0,9,49,0.4305899194661484,0.4255865404548274,0.789262063178451,237.4210880365759,0.4255865404548274,True
241,behavior,behavior/robust/cat=0.5,GMM,"{""covariance_type"": ""spherical"", ""n_components"": 9}",ok,,760.4291556920991,644.9880478629178,9,1.0,5,48,0.421172550813032,0.4156220730312252,0.7287751507344861,220.4964471308627,0.4156220730312252,True
242,behavior,behavior/robust/cat=0.5,Agglomerative,"{""linkage"": ""ward"", ""n_clusters"": 9}",ok,,,,9,1.0,9,49,0.4419824959228974,0.43768997758154127,0.7764870413225806,252.92935867906488,0.43768997758154127,True
243,behavior,behavior/robust/cat=0.5,Agglomerative,"{""linkage"": ""complete"", ""n_clusters"": 9}",ok,,,,9,1.0,3,56,0.43264883448107483,0.4253363501555799,0.7544828942838373,232.6532573824587,0.4253363501555799,False
244,behavior,behavior/robust/cat=0.5,Agglomerative,"{""linkage"": ""average"", ""n_clusters"": 9}",ok,,,,9,1.0,3,79,0.5043321299936244,0.5015271571743558,0.722030283230427,210.4128972866595,0.5015271571743558,False
245,behavior,behavior/robust/cat=0.5,Spectral,"{""affinity"": ""nearest_neighbors"", ""n_clusters"": 9, ""n_neighbors"": 10}",ok,"Graph is not fully connected, spectral embedding may not work as expected.",,,9,1.0,13,36,0.36771228686008345,0.36942963483009394,0.8549760676946496,203.20769791069924,0.36942963483009394,True
246,behavior,behavior/robust/cat=0.5,Spectral,"{""affinity"": ""nearest_neighbors"", ""n_clusters"": 9, ""n_neighbors"": 20}",ok,,,,9,1.0,19,28,0.37377028571655335,0.3747099014986641,0.850150284644501,152.94072088230388,0.3747099014986641,True
247,behavior,behavior/robust/cat=0.5,Birch,"{""n_clusters"": 9, ""threshold"": 0.2}",ok,,,,9,1.0,3,73,0.4514305303668825,0.44949966321426305,0.7745435185320627,208.28439427947134,0.44949966321426305,False
248,behavior,behavior/robust/cat=0.5,Birch,"{""n_clusters"": 9, ""threshold"": 0.5}",ok,Number of subclusters found (6) by BIRCH is less than (9). Decrease the threshold.,,,6,1.0,4,67,0.44363958428357764,0.44102746666075954,0.6760312022769391,175.82524886953817,0.44102746666075954,False
249,behavior,behavior/robust/cat=0.5,KMeans,"{""n_clusters"": 10}",ok,,,,10,1.0,7,43,0.4504072840085665,0.4505029621610447,0.7536548682088827,269.46388588899475,0.4505029621610447,True
250,behavior,behavior/robust/cat=0.5,GMM,"{""covariance_type"": ""full"", ""n_components"": 10}",ok,,820.8656564437683,626.2649318174341,10,1.0,4,72,0.3244533595499112,0.32688857279930694,1.2956677152178748,108.86596482777361,0.32688857279930694,False
251,behavior,behavior/robust/cat=0.5,GMM,"{""covariance_type"": ""tied"", ""n_components"": 10}",ok,,761.62316500048,656.0770092709428,10,1.0,3,51,0.4375382332414333,0.4284265333844816,0.7763577936128542,236.0342723814184,0.4284265333844816,False
252,behavior,behavior/robust/cat=0.5,GMM,"{""covariance_type"": ""diag"", ""n_components"": 10}",ok,,798.0463049700586,636.4287540092048,10,1.0,4,49,0.4133972649797111,0.4080200881240743,0.8443635722627201,225.35395388163928,0.4080200881240743,False
253,behavior,behavior/robust/cat=0.5,GMM,"{""covariance_type"": ""spherical"", ""n_components"": 10}",ok,,765.3121089078608,636.6777316124874,10,1.0,4,48,0.40551228065034906,0.40040115212740174,0.7483224876780623,221.2391861478701,0.40040115212740174,False
254,behavior,behavior/robust/cat=0.5,Agglomerative,"{""linkage"": ""ward"", ""n_clusters"": 10}",ok,,,,10,1.0,9,49,0.43488706958998163,0.4339007174968657,0.7669969524365279,252.51721966723878,0.4339007174968657,True
255,behavior,behavior/robust/cat=0.5,Agglomerative,"{""linkage"": ""complete"", ""n_clusters"": 10}",ok,,,,10,1.0,3,56,0.4187036502884449,0.4096822282418223,0.7949865308338355,234.06499844267472,0.4096822282418223,False
256,behavior,behavior/robust/cat=0.5,Agglomerative,"{""linkage"": ""average"", ""n_clusters"": 10}",ok,,,,10,1.0,3,79,0.482011804717737,0.4811351696667838,0.7264761068563219,214.77025049248337,0.4811351696667838,False
257,behavior,behavior/robust/cat=0.5,Spectral,"{""affinity"": ""nearest_neighbors"", ""n_clusters"": 10, ""n_neighbors"": 10}",ok,"Graph is not fully connected, spectral embedding may not work as expected.",,,10,1.0,12,33,0.36348315524856434,0.36804516151416217,0.8461286580236178,200.08723632482076,0.36804516151416217,True
258,behavior,behavior/robust/cat=0.5,Spectral,"{""affinity"": ""nearest_neighbors"", ""n_clusters"": 10, ""n_neighbors"": 20}",ok,,,,10,1.0,15,24,0.38241279251431753,0.3830261508305926,0.8376988472181562,218.15896357015401,0.3830261508305926,True
259,behavior,behavior/robust/cat=0.5,Birch,"{""n_clusters"": 10, ""threshold"": 0.2}",ok,,,,10,1.0,3,73,0.42794029824797764,0.42528027171083993,0.8905218280673608,205.2697826348636,0.42528027171083993,False
260,behavior,behavior/robust/cat=0.5,Birch,"{""n_clusters"": 10, ""threshold"": 0.5}",ok,Number of subclusters found (6) by BIRCH is less than (10). Decrease the threshold.,,,6,1.0,4,67,0.44363958428357764,0.44102746666075954,0.6760312022769391,175.82524886953817,0.44102746666075954,False
261,behavior,behavior/robust/cat=0.5,DBSCAN,"{""eps"": 0.10457516339869284, ""min_samples"": 4}",ok,,,,7,0.52,4,49,0.5089072450979617,0.5020166821959848,0.5334871371183472,202.92661223497385,0.02201668219598485,False
262,behavior,behavior/robust/cat=0.5,DBSCAN,"{""eps"": 0.1466261844383906, ""min_samples"": 4}",ok,,,,6,0.675,6,79,0.5064993375317876,0.5048136002446729,0.572301537402835,201.16589068404372,0.17981360024467297,False
263,behavior,behavior/robust/cat=0.5,DBSCAN,"{""eps"": 0.21433590404332722, ""min_samples"": 4}",ok,,,,7,0.89,3,89,0.516183054770339,0.5177909216817703,0.5090269479007302,200.00016203331361,0.40779092168177034,False
264,behavior,behavior/robust/cat=0.5,DBSCAN,"{""eps"": 0.2870836903188967, ""min_samples"": 4}",ok,,,,2,0.935,33,154,0.3904179609733192,0.3945114443526878,0.7576626267332662,85.87489910997772,0.32951144435268787,True
265,behavior,behavior/robust/cat=0.5,DBSCAN,"{""eps"": 0.4145035623984072, ""min_samples"": 4}",ok,,,,1,0.975,195,195,,,,,-inf,False
266,behavior,behavior/robust/cat=0.5,DBSCAN,"{""eps"": 0.15745529657480375, ""min_samples"": 7}",ok,,,,4,0.54,9,79,0.5956161736299241,0.6021736781865921,0.41882756034788493,180.13655397168876,0.1421736781865921,False
267,behavior,behavior/robust/cat=0.5,DBSCAN,"{""eps"": 0.24209311388874952, ""min_samples"": 7}",ok,,,,5,0.785,7,89,0.5860016146886953,0.5904745433275728,0.45567714734808584,230.40691422743066,0.3754745433275728,False
268,behavior,behavior/robust/cat=0.5,DBSCAN,"{""eps"": 0.29977755295974495, ""min_samples"": 7}",ok,,,,3,0.91,12,139,0.3664543612405153,0.36795255830787243,0.7122991226854047,70.17275213150009,0.27795255830787247,True
269,behavior,behavior/robust/cat=0.5,DBSCAN,"{""eps"": 0.4120378786773799, ""min_samples"": 7}",ok,,,,1,0.96,192,192,,,,,-inf,False
270,behavior,behavior/robust/cat=0.5,DBSCAN,"{""eps"": 0.476685618641575, ""min_samples"": 7}",ok,,,,1,0.975,195,195,,,,,-inf,False
271,behavior,behavior/robust/cat=0.5,DBSCAN,"{""eps"": 0.20719885099921118, ""min_samples"": 10}",ok,,,,4,0.56,10,80,0.6006785139803865,0.6073013276663172,0.4706781477775075,190.61894057949127,0.16730132766631722,False
272,behavior,behavior/robust/cat=0.5,DBSCAN,"{""eps"": 0.296730133201054, ""min_samples"": 10}",ok,,,,5,0.85,10,92,0.5698744929322407,0.5744633977261735,0.4809509245289819,241.79438563668654,0.4244633977261735,False
273,behavior,behavior/robust/cat=0.5,DBSCAN,"{""eps"": 0.3849831178831779, ""min_samples"": 10}",ok,,,,2,0.93,11,175,0.3557821509896187,0.35639736369805464,0.6123854161898565,33.694741646452876,0.2863973636980547,True
274,behavior,behavior/robust/cat=0.5,DBSCAN,"{""eps"": 0.4758393470416447, ""min_samples"": 10}",ok,,,,1,0.975,195,195,,,,,-inf,False
275,behavior,behavior/robust/cat=0.5,DBSCAN,"{""eps"": 0.6119783596270681, ""min_samples"": 10}",ok,,,,1,0.98,196,196,,,,,-inf,False
276,behavior,behavior/robust/cat=0.5,HDBSCAN,"{""cluster_selection_method"": ""eom"", ""min_cluster_size"": 5, ""min_samples"": 3}",ok,,,,12,0.795,5,33,0.47663001384476106,0.4734274813291119,0.6351437104900176,231.65545603645245,0.2684274813291119,False
277,behavior,behavior/robust/cat=0.5,HDBSCAN,"{""cluster_selection_method"": ""leaf"", ""min_cluster_size"": 5, ""min_samples"": 3}",ok,,,,14,0.685,5,16,0.530901581159701,0.5309181317843183,0.5797738590265681,298.7443089978038,0.2159181317843184,False
278,behavior,behavior/robust/cat=0.5,HDBSCAN,"{""cluster_selection_method"": ""eom"", ""min_cluster_size"": 5, ""min_samples"": 5}",ok,,,,6,0.865,5,85,0.5576048111497034,0.5621197657825268,0.4984236822247567,246.09758678946696,0.42711976578252675,False
279,behavior,behavior/robust/cat=0.5,HDBSCAN,"{""cluster_selection_method"": ""leaf"", ""min_cluster_size"": 5, ""min_samples"": 5}",ok,,,,11,0.54,5,19,0.5340261799542222,0.5335423843803425,0.5627885887284884,375.82523714610795,0.07354238438034255,False
280,behavior,behavior/robust/cat=0.5,HDBSCAN,"{""cluster_selection_method"": ""eom"", ""min_cluster_size"": 5, ""min_samples"": 10}",ok,,,,5,0.725,7,83,0.6188536543009542,0.6225254268085297,0.4332421017887049,241.086291034346,0.3475254268085297,False
281,behavior,behavior/robust/cat=0.5,HDBSCAN,"{""cluster_selection_method"": ""leaf"", ""min_cluster_size"": 5, ""min_samples"": 10}",ok,,,,6,0.47,7,26,0.6636394155613181,0.661527274199169,0.3744709243477568,322.0101169932028,0.131527274199169,False
282,behavior,behavior/robust/cat=0.5,HDBSCAN,"{""cluster_selection_method"": ""eom"", ""min_cluster_size"": 10, ""min_samples"": 3}",ok,,,,6,0.88,12,89,0.5493913581232568,0.5522895862797013,0.600097956224896,240.144246807452,0.43228958627970127,False
283,behavior,behavior/robust/cat=0.5,HDBSCAN,"{""cluster_selection_method"": ""leaf"", ""min_cluster_size"": 10, ""min_samples"": 3}",ok,,,,8,0.77,12,33,0.45681450728283146,0.44982399869619666,0.8157477253998642,309.48495438833567,0.21982399869619668,False
284,behavior,behavior/robust/cat=0.5,HDBSCAN,"{""cluster_selection_method"": ""eom"", ""min_cluster_size"": 10, ""min_samples"": 5}",ok,,,,5,0.84,12,85,0.6020889728998802,0.6070111219413402,0.4701098827066428,288.3255887616713,0.4470111219413402,False
285,behavior,behavior/robust/cat=0.5,HDBSCAN,"{""cluster_selection_method"": ""leaf"", ""min_cluster_size"": 10, ""min_samples"": 5}",ok,,,,6,0.715,12,41,0.5572806179916083,0.5548888771153376,0.5205683568375712,351.0657181144881,0.2698888771153376,False
286,behavior,behavior/robust/cat=0.5,HDBSCAN,"{""cluster_selection_method"": ""eom"", ""min_cluster_size"": 10, ""min_samples"": 10}",ok,,,,3,0.705,21,94,0.5716513514150116,0.5742862121188296,0.5440476948466518,178.5572567422528,0.27928621211882954,False
287,behavior,behavior/robust/cat=0.5,HDBSCAN,"{""cluster_selection_method"": ""leaf"", ""min_cluster_size"": 10, ""min_samples"": 10}",ok,,,,4,0.395,10,26,0.644099175396734,0.6410651027943167,0.415270607067431,318.8310344270972,0.03606510279431674,False
288,behavior,behavior/robust/cat=0.5,HDBSCAN,"{""cluster_selection_method"": ""eom"", ""min_cluster_size"": 15, ""min_samples"": 3}",ok,,,,4,0.885,16,101,0.5101218120125847,0.5116558423025036,0.6133421438201985,157.73413842415604,0.3966558423025036,False
289,behavior,behavior/robust/cat=0.5,HDBSCAN,"{""cluster_selection_method"": ""leaf"", ""min_cluster_size"": 15, ""min_samples"": 3}",ok,,,,5,0.74,16,48,0.5314917474487773,0.5274682822239967,0.5947485744005918,329.122567471057,0.26746828222399666,False
290,behavior,behavior/robust/cat=0.5,HDBSCAN,"{""cluster_selection_method"": ""eom"", ""min_cluster_size"": 15, ""min_samples"": 5}",ok,,,,3,0.825,25,108,0.5294747030298664,0.530779450884761,0.5976441386139127,173.47912817063622,0.35577945088476093,False
291,behavior,behavior/robust/cat=0.5,HDBSCAN,"{""cluster_selection_method"": ""leaf"", ""min_cluster_size"": 15, ""min_samples"": 5}",ok,,,,4,0.585,19,41,0.5303411428938146,0.5263015553968733,0.6036173587112679,323.6021219290146,0.11130155539687325,False
292,behavior,behavior/robust/cat=0.5,HDBSCAN,"{""cluster_selection_method"": ""eom"", ""min_cluster_size"": 15, ""min_samples"": 10}",ok,,,,3,0.705,21,94,0.5716513514150116,0.5742862121188296,0.5440476948466518,178.5572567422528,0.27928621211882954,False
293,behavior,behavior/robust/cat=0.5,HDBSCAN,"{""cluster_selection_method"": ""leaf"", ""min_cluster_size"": 15, ""min_samples"": 10}",ok,,,,3,0.705,21,94,0.5716513514150116,0.5742862121188296,0.5440476948466518,178.5572567422528,0.27928621211882954,False
294,behavior,behavior/robust/cat=0.5,HDBSCAN,"{""cluster_selection_method"": ""eom"", ""min_cluster_size"": 20, ""min_samples"": 3}",ok,,,,3,0.925,27,125,0.4606724057411117,0.4577441120399786,0.654875578175593,131.5309678124433,0.38274411203997866,True
295,behavior,behavior/robust/cat=0.5,HDBSCAN,"{""cluster_selection_method"": ""leaf"", ""min_cluster_size"": 20, ""min_samples"": 3}",ok,,,,4,0.66,24,48,0.5187109949453904,0.5136456732537938,0.6387942248216814,317.5269285406083,0.17364567325379388,False
296,behavior,behavior/robust/cat=0.5,HDBSCAN,"{""cluster_selection_method"": ""eom"", ""min_cluster_size"": 20, ""min_samples"": 5}",ok,,,,3,0.825,25,108,0.5294747030298664,0.530779450884761,0.5976441386139127,173.47912817063622,0.35577945088476093,False
297,behavior,behavior/robust/cat=0.5,HDBSCAN,"{""cluster_selection_method"": ""leaf"", ""min_cluster_size"": 20, ""min_samples"": 5}",ok,,,,3,0.825,25,108,0.5294747030298664,0.530779450884761,0.5976441386139127,173.47912817063622,0.35577945088476093,False
298,behavior,behavior/robust/cat=0.5,HDBSCAN,"{""cluster_selection_method"": ""eom"", ""min_cluster_size"": 20, ""min_samples"": 10}",ok,,,,3,0.705,21,94,0.5716513514150116,0.5742862121188296,0.5440476948466518,178.5572567422528,0.27928621211882954,False
299,behavior,behavior/robust/cat=0.5,HDBSCAN,"{""cluster_selection_method"": ""leaf"", ""min_cluster_size"": 20, ""min_samples"": 10}",ok,,,,3,0.705,21,94,0.5716513514150116,0.5742862121188296,0.5440476948466518,178.5572567422528,0.27928621211882954,False
300,behavior,behavior/robust/cat=0.5,OPTICS,"{""min_cluster_size"": 0.05, ""min_samples"": 5, ""xi"": 0.03}",ok,,,,7,0.465,11,22,0.6765767239954474,0.6763910635846268,0.41894483334190447,519.887923975217,0.14139106358462683,False
301,behavior,behavior/robust/cat=0.5,OPTICS,"{""min_cluster_size"": 0.05, ""min_samples"": 5, ""xi"": 0.05}",ok,,,,7,0.465,11,22,0.6765767239954474,0.6763910635846268,0.41894483334190447,519.887923975217,0.14139106358462683,False
302,behavior,behavior/robust/cat=0.5,OPTICS,"{""min_cluster_size"": 0.05, ""min_samples"": 5, ""xi"": 0.1}",ok,,,,6,0.405,11,22,0.7228276467081834,0.7197444587987586,0.33773582622523374,464.1051739280698,0.12474445879875862,False
303,behavior,behavior/robust/cat=0.5,OPTICS,"{""min_cluster_size"": 0.05, ""min_samples"": 10, ""xi"": 0.03}",ok,,,,6,0.505,10,30,0.6268697863082168,0.6219155218544834,0.45401532602605804,356.7060806778825,0.1269155218544834,False
304,behavior,behavior/robust/cat=0.5,OPTICS,"{""min_cluster_size"": 0.05, ""min_samples"": 10, ""xi"": 0.05}",ok,,,,5,0.455,10,30,0.6190401601166403,0.6135270346639655,0.47609725916851825,376.3209884799602,0.06852703466396559,False
305,behavior,behavior/robust/cat=0.5,OPTICS,"{""min_cluster_size"": 0.05, ""min_samples"": 10, ""xi"": 0.1}",ok,,,,3,0.255,10,28,0.7872012319983286,0.7888402619382506,0.2786979400807467,441.60362301312364,0.043840261938250635,False
306,behavior,behavior/minmax/cat=0.5,KMeans,"{""n_clusters"": 2}",ok,,,,2,1.0,89,111,0.33340205479521,0.29512063001659344,1.2910239103637733,96.40541200515578,0.29512063001659344,True
307,behavior,behavior/minmax/cat=0.5,GMM,"{""covariance_type"": ""full"", ""n_components"": 2}",ok,,-1.2711930452938915,-37.55268407732229,2,1.0,39,161,0.41195797856453537,0.3895381551689814,1.0672847321167644,78.89338848494104,0.3895381551689814,True
308,behavior,behavior/minmax/cat=0.5,GMM,"{""covariance_type"": ""tied"", ""n_components"": 2}",ok,,20.929757649817393,-5.456781282566897,2,1.0,62,138,0.3841474458327023,0.3546021296759894,1.2333506155886176,93.22216203907593,0.3546021296759894,True
309,behavior,behavior/minmax/cat=0.5,GMM,"{""covariance_type"": ""diag"", ""n_components"": 2}",ok,,1.4977115080603554,-28.18714479087197,2,1.0,38,162,0.4052281600224608,0.38035201088937015,1.119107454685632,74.39387076977968,0.38035201088937015,True
310,behavior,behavior/minmax/cat=0.5,GMM,"{""covariance_type"": ""spherical"", ""n_components"": 2}",ok,,18.29234012357714,-4.795881442259116,2,1.0,62,138,0.387492514738526,0.3584822459204295,1.2466826834778424,92.51457068702135,0.3584822459204295,True
311,behavior,behavior/minmax/cat=0.5,Agglomerative,"{""linkage"": ""ward"", ""n_clusters"": 2}",ok,,,,2,1.0,39,161,0.39090074716611595,0.3842337621772661,0.8543561756936698,86.96155571243868,0.3842337621772661,True
312,behavior,behavior/minmax/cat=0.5,Agglomerative,"{""linkage"": ""complete"", ""n_clusters"": 2}",ok,,,,2,1.0,77,123,0.33496824180287277,0.36071083057634323,1.3480357645931664,90.35525110251466,0.36071083057634323,True
313,behavior,behavior/minmax/cat=0.5,Agglomerative,"{""linkage"": ""average"", ""n_clusters"": 2}",ok,,,,2,1.0,39,161,0.39090074716611595,0.3842337621772661,0.8543561756936698,86.96155571243868,0.3842337621772661,True
314,behavior,behavior/minmax/cat=0.5,Spectral,"{""affinity"": ""nearest_neighbors"", ""n_clusters"": 2, ""n_neighbors"": 10}",ok,"Graph is not fully connected, spectral embedding may not work as expected.",,,2,1.0,39,161,0.39090074716611595,0.3842337621772661,0.8543561756936698,86.96155571243868,0.3842337621772661,True
315,behavior,behavior/minmax/cat=0.5,Spectral,"{""affinity"": ""nearest_neighbors"", ""n_clusters"": 2, ""n_neighbors"": 20}",ok,,,,2,1.0,39,161,0.39090074716611595,0.3842337621772661,0.8543561756936698,86.96155571243868,0.3842337621772661,True
316,behavior,behavior/minmax/cat=0.5,Birch,"{""n_clusters"": 2, ""threshold"": 0.2}",ok,,,,2,1.0,39,161,0.39090074716611595,0.3842337621772661,0.8543561756936698,86.96155571243868,0.3842337621772661,True
317,behavior,behavior/minmax/cat=0.5,Birch,"{""n_clusters"": 2, ""threshold"": 0.5}",ok,Number of subclusters found (1) by BIRCH is less than (2). Decrease the threshold.,,,1,1.0,200,200,,,,,-inf,False
318,behavior,behavior/minmax/cat=0.5,KMeans,"{""n_clusters"": 3}",ok,,,,3,1.0,39,111,0.4514909309424474,0.4460935370508596,0.8928289660625932,132.29740400066257,0.4460935370508596,True
319,behavior,behavior/minmax/cat=0.5,GMM,"{""covariance_type"": ""full"", ""n_components"": 3}",ok,,-52.60656874744922,-108.67796397876583,3,1.0,39,108,0.4101058451765909,0.39950387884405797,1.1134973987876216,102.00657007519638,0.39950387884405797,True
320,behavior,behavior/minmax/cat=0.5,GMM,"{""covariance_type"": ""tied"", ""n_components"": 3}",ok,,-18.965369438250022,-55.24686047027842,3,1.0,45,97,0.40769735370453675,0.37200951371343666,1.1534800503258225,92.92028131806453,0.37200951371343666,True
321,behavior,behavior/minmax/cat=0.5,GMM,"{""covariance_type"": ""diag"", ""n_components"": 3}",ok,,-13.558819052948351,-59.735262184620865,3,1.0,32,125,0.42476189650593504,0.4171527790361911,0.9188456212688899,113.54720145753186,0.4171527790361911,True
322,behavior,behavior/minmax/cat=0.5,GMM,"{""covariance_type"": ""spherical"", ""n_components"": 3}",ok,,-0.40038277160211777,-36.681873803630516,3,1.0,31,136,0.42041290972609985,0.43290608104568884,0.7061308358276007,127.29854305905288,0.43290608104568884,True
323,behavior,behavior/minmax/cat=0.5,Agglomerative,"{""linkage"": ""ward"", ""n_clusters"": 3}",ok,,,,3,1.0,32,129,0.44796167261691394,0.4610481446570447,0.7072871869794292,143.77956237851728,0.4610481446570447,True
324,behavior,behavior/minmax/cat=0.5,Agglomerative,"{""linkage"": ""complete"", ""n_clusters"": 3}",ok,,,,3,1.0,38,123,0.4503797002600712,0.46658474419000145,0.716482156943549,151.33512126359477,0.46658474419000145,True
325,behavior,behavior/minmax/cat=0.5,Agglomerative,"{""linkage"": ""average"", ""n_clusters"": 3}",ok,,,,3,1.0,38,123,0.4503797002600712,0.46658474419000145,0.716482156943549,151.33512126359477,0.46658474419000145,True
326,behavior,behavior/minmax/cat=0.5,Spectral,"{""affinity"": ""nearest_neighbors"", ""n_clusters"": 3, ""n_neighbors"": 10}",ok,"Graph is not fully connected, spectral embedding may not work as expected.",,,3,1.0,39,105,0.37570592960545107,0.3941467952071085,0.8705724267404223,135.1872201838509,0.3941467952071085,True
327,behavior,behavior/minmax/cat=0.5,Spectral,"{""affinity"": ""nearest_neighbors"", ""n_clusters"": 3, ""n_neighbors"": 20}",ok,,,,3,1.0,39,112,0.39992137641487957,0.41743393568849213,0.8167969981682583,141.0887702562897,0.41743393568849213,True
328,behavior,behavior/minmax/cat=0.5,Birch,"{""n_clusters"": 3, ""threshold"": 0.2}",ok,,,,3,1.0,38,123,0.4503797002600712,0.46658474419000145,0.716482156943549,151.33512126359477,0.46658474419000145,True
329,behavior,behavior/minmax/cat=0.5,Birch,"{""n_clusters"": 3, ""threshold"": 0.5}",ok,Number of subclusters found (1) by BIRCH is less than (3). Decrease the threshold.,,,1,1.0,200,200,,,,,-inf,False
330,behavior,behavior/minmax/cat=0.5,KMeans,"{""n_clusters"": 4}",ok,,,,4,1.0,23,100,0.49620078745146784,0.4939069237513199,0.7095564965521565,174.59521459297633,0.4939069237513199,True
331,behavior,behavior/minmax/cat=0.5,GMM,"{""covariance_type"": ""full"", ""n_components"": 4}",ok,,-70.29619442043482,-146.15749385103965,4,1.0,25,107,0.4555145929106617,0.4509105984519961,0.7596497658811847,147.03544101721553,0.4509105984519961,True
332,behavior,behavior/minmax/cat=0.5,GMM,"{""covariance_type"": ""tied"", ""n_components"": 4}",ok,,-35.456803321751806,-81.63324645342432,4,1.0,21,107,0.49807451459023283,0.49410661360466934,0.6731609374589045,171.11350940626033,0.49410661360466934,True
333,behavior,behavior/minmax/cat=0.5,GMM,"{""covariance_type"": ""diag"", ""n_components"": 4}",ok,,-16.734420784267783,-79.40245074868048,4,1.0,13,122,0.4512988835556419,0.4463370703310027,0.6538219877523527,139.14465724163384,0.4463370703310027,True
334,behavior,behavior/minmax/cat=0.5,GMM,"{""covariance_type"": ""spherical"", ""n_components"": 4}",ok,,-30.004406500991195,-79.47916699921174,4,1.0,12,124,0.4468962636552715,0.44204824782927604,0.6458395424504229,135.620923441646,0.44204824782927604,True
335,behavior,behavior/minmax/cat=0.5,Agglomerative,"{""linkage"": ""ward"", ""n_clusters"": 4}",ok,,,,4,1.0,20,109,0.4976418539903167,0.4918659834143786,0.6663443387012138,168.50363544714403,0.4918659834143786,True
336,behavior,behavior/minmax/cat=0.5,Agglomerative,"{""linkage"": ""complete"", ""n_clusters"": 4}",ok,,,,4,1.0,25,98,0.48213395876340387,0.48086293803801944,0.7212811880653531,172.11569265866964,0.48086293803801944,True
337,behavior,behavior/minmax/cat=0.5,Agglomerative,"{""linkage"": ""average"", ""n_clusters"": 4}",ok,,,,4,1.0,21,102,0.4964979474394251,0.49588122834195303,0.6918983205179571,173.43324344766637,0.49588122834195303,True
338,behavior,behavior/minmax/cat=0.5,Spectral,"{""affinity"": ""nearest_neighbors"", ""n_clusters"": 4, ""n_neighbors"": 10}",ok,"Graph is not fully connected, spectral embedding may not work as expected.",,,4,1.0,39,64,0.3576216935541791,0.3585653981511075,0.9656345885980782,134.04322881293885,0.3585653981511075,True
339,behavior,behavior/minmax/cat=0.5,Spectral,"{""affinity"": ""nearest_neighbors"", ""n_clusters"": 4, ""n_neighbors"": 20}",ok,,,,4,1.0,26,97,0.4757078345580954,0.47413880477757153,0.7371456437565866,170.82319504123208,0.47413880477757153,True
340,behavior,behavior/minmax/cat=0.5,Birch,"{""n_clusters"": 4, ""threshold"": 0.2}",ok,,,,4,1.0,35,88,0.42489722779469047,0.42009143297105594,0.9054176896314312,158.02624230116584,0.42009143297105594,True
341,behavior,behavior/minmax/cat=0.5,Birch,"{""n_clusters"": 4, ""threshold"": 0.5}",ok,Number of subclusters found (1) by BIRCH is less than (4). Decrease the threshold.,,,1,1.0,200,200,,,,,-inf,False
342,behavior,behavior/minmax/cat=0.5,KMeans,"{""n_clusters"": 5}",ok,,,,5,1.0,22,81,0.5594854531227246,0.5546571631111091,0.5722356162263352,248.64932001536357,0.5546571631111091,True
343,behavior,behavior/minmax/cat=0.5,GMM,"{""covariance_type"": ""full"", ""n_components"": 5}",ok,,-91.14013616232046,-186.7913397922135,5,1.0,21,84,0.5601396671322825,0.5536892843811245,0.5760100302410824,244.94019698586325,0.5536892843811245,True
344,behavior,behavior/minmax/cat=0.5,GMM,"{""covariance_type"": ""tied"", ""n_components"": 5}",ok,,-90.89133691659254,-146.96273214790915,5,1.0,20,87,0.5600538987906104,0.5518866863481336,0.5716358287700495,240.92482351014013,0.5518866863481336,True
345,behavior,behavior/minmax/cat=0.5,GMM,"{""covariance_type"": ""diag"", ""n_components"": 5}",ok,,-108.12555984739237,-187.28517664454523,5,1.0,22,80,0.5579668836340569,0.5533245154963453,0.5669528289994961,247.7652979872361,0.5533245154963453,True
346,behavior,behavior/minmax/cat=0.5,GMM,"{""covariance_type"": ""spherical"", ""n_components"": 5}",ok,,-110.34526422697978,-173.01329419139248,5,1.0,22,78,0.555406370162198,0.5519530013851748,0.5684697080478646,247.61212972924986,0.5519530013851748,True
347,behavior,behavior/minmax/cat=0.5,Agglomerative,"{""linkage"": ""ward"", ""n_clusters"": 5}",ok,,,,5,1.0,20,86,0.5582698727196419,0.551084101154522,0.5801039386831194,241.1991938230974,0.551084101154522,True
348,behavior,behavior/minmax/cat=0.5,Agglomerative,"{""linkage"": ""complete"", ""n_clusters"": 5}",ok,,,,5,1.0,23,75,0.5418578306869118,0.5391762674745034,0.5770940791763661,242.84289482408101,0.5391762674745034,True
349,behavior,behavior/minmax/cat=0.5,Agglomerative,"{""linkage"": ""average"", ""n_clusters"": 5}",ok,,,,5,1.0,21,79,0.5565340544002426,0.5531118656926701,0.5680153557656493,247.20822561006273,0.5531118656926701,True
350,behavior,behavior/minmax/cat=0.5,Spectral,"{""affinity"": ""nearest_neighbors"", ""n_clusters"": 5, ""n_neighbors"": 10}",ok,"Graph is not fully connected, spectral embedding may not work as expected.",,,5,1.0,22,78,0.555406370162198,0.5519530013851748,0.5684697080478647,247.61212972924986,0.5519530013851748,True
351,behavior,behavior/minmax/cat=0.5,Spectral,"{""affinity"": ""nearest_neighbors"", ""n_clusters"": 5, ""n_neighbors"": 20}",ok,,,,5,1.0,25,72,0.5112664889994999,0.5104152359134518,0.6350337570480615,227.49360442546572,0.5104152359134518,True
352,behavior,behavior/minmax/cat=0.5,Birch,"{""n_clusters"": 5, ""threshold"": 0.2}",ok,Number of subclusters found (4) by BIRCH is less than (5). Decrease the threshold.,,,4,1.0,35,88,0.42489722779469047,0.42009143297105594,0.9054176896314312,158.02624230116587,0.42009143297105594,True
353,behavior,behavior/minmax/cat=0.5,Birch,"{""n_clusters"": 5, ""threshold"": 0.5}",ok,Number of subclusters found (1) by BIRCH is less than (5). Decrease the threshold.,,,1,1.0,200,200,,,,,-inf,False
354,behavior,behavior/minmax/cat=0.5,KMeans,"{""n_clusters"": 6}",ok,,,,6,1.0,11,81,0.535817696916733,0.5380630705007141,0.6612588773725273,242.8503791423865,0.5380630705007141,True
355,behavior,behavior/minmax/cat=0.5,GMM,"{""covariance_type"": ""full"", ""n_components"": 6}",ok,,-85.07279660412425,-200.51390443330553,6,1.0,16,84,0.5053108169463827,0.48954318626718774,0.8216597429726874,213.7372629907097,0.48954318626718774,True
356,behavior,behavior/minmax/cat=0.5,GMM,"{""covariance_type"": ""tied"", ""n_components"": 6}",ok,,-95.39525257969072,-161.36159991065145,6,1.0,4,85,0.5481527496436199,0.5468908679627367,0.5576756381804838,233.29057695798437,0.5468908679627367,False
357,behavior,behavior/minmax/cat=0.5,GMM,"{""covariance_type"": ""diag"", ""n_components"": 6}",ok,,-100.5639744960398,-196.21517812593285,6,1.0,11,79,0.5311889008885406,0.5336673981015935,0.6641434996449789,240.56427489035394,0.5336673981015935,True
358,behavior,behavior/minmax/cat=0.5,GMM,"{""covariance_type"": ""spherical"", ""n_components"": 6}",ok,,-113.9052612591337,-189.76656068973853,6,1.0,11,78,0.5338340136933986,0.5290898954313775,0.6022701230163682,216.31375664091425,0.5290898954313775,True
359,behavior,behavior/minmax/cat=0.5,Agglomerative,"{""linkage"": ""ward"", ""n_clusters"": 6}",ok,,,,6,1.0,9,86,0.5296670434232814,0.5279515608959787,0.6701530817922238,228.91015299612909,0.5279515608959787,True
360,behavior,behavior/minmax/cat=0.5,Agglomerative,"{""linkage"": ""complete"", ""n_clusters"": 6}",ok,,,,6,1.0,4,75,0.5294321467295436,0.5309277211604013,0.5798089904610436,229.02250641762086,0.5309277211604013,False
361,behavior,behavior/minmax/cat=0.5,Agglomerative,"{""linkage"": ""average"", ""n_clusters"": 6}",ok,,,,6,1.0,3,79,0.5442953652253992,0.5440860136367434,0.546758563483467,229.62065649600896,0.5440860136367434,False
362,behavior,behavior/minmax/cat=0.5,Spectral,"{""affinity"": ""nearest_neighbors"", ""n_clusters"": 6, ""n_neighbors"": 10}",ok,"Graph is not fully connected, spectral embedding may not work as expected.",,,6,1.0,12,53,0.44498549120682995,0.45095035400197475,0.6928070832748623,216.81006295469183,0.45095035400197475,True
363,behavior,behavior/minmax/cat=0.5,Spectral,"{""affinity"": ""nearest_neighbors"", ""n_clusters"": 6, ""n_neighbors"": 20}",ok,,,,6,1.0,22,42,0.4346594615571709,0.4345348073094947,0.6861486978811199,220.6148833715956,0.4345348073094947,True
364,behavior,behavior/minmax/cat=0.5,Birch,"{""n_clusters"": 6, ""threshold"": 0.2}",ok,Number of subclusters found (4) by BIRCH is less than (6). Decrease the threshold.,,,4,1.0,35,88,0.42489722779469047,0.42009143297105594,0.9054176896314312,158.02624230116587,0.42009143297105594,True
365,behavior,behavior/minmax/cat=0.5,Birch,"{""n_clusters"": 6, ""threshold"": 0.5}",ok,Number of subclusters found (1) by BIRCH is less than (6). Decrease the threshold.,,,1,1.0,200,200,,,,,-inf,False
366,behavior,behavior/minmax/cat=0.5,KMeans,"{""n_clusters"": 7}",ok,,,,7,1.0,10,81,0.5168021892187427,0.5265425912858626,0.7160993894186432,253.52981432696026,0.5265425912858626,True
367,behavior,behavior/minmax/cat=0.5,GMM,"{""covariance_type"": ""full"", ""n_components"": 7}",ok,,-72.8479355439303,-208.07894757239978,7,1.0,13,84,0.48216871260298527,0.46974219806321726,0.8886375344345142,208.41806121779507,0.46974219806321726,True
368,behavior,behavior/minmax/cat=0.5,GMM,"{""covariance_type"": ""tied"", ""n_components"": 7}",ok,,-112.00658481371711,-187.86788424432194,7,1.0,4,84,0.5317281897612074,0.5375066151395085,0.6180994258730407,239.07438806890602,0.5375066151395085,False
369,behavior,behavior/minmax/cat=0.5,GMM,"{""covariance_type"": ""diag"", ""n_components"": 7}",ok,,-93.74300331714926,-205.8857937797825,7,1.0,14,42,0.39907716034105734,0.41950000245223357,0.7728702594399788,223.84168522988648,0.41950000245223357,True
370,behavior,behavior/minmax/cat=0.5,GMM,"{""covariance_type"": ""spherical"", ""n_components"": 7}",ok,,-112.02910923499246,-201.08367813178944,7,1.0,10,78,0.4514180402478831,0.4407000142911015,0.7309177027312115,194.98975171499367,0.4407000142911015,True
371,behavior,behavior/minmax/cat=0.5,Agglomerative,"{""linkage"": ""ward"", ""n_clusters"": 7}",ok,,,,7,1.0,9,59,0.409308025869031,0.411510780024482,0.7602601747734992,224.37268301282054,0.411510780024482,True
372,behavior,behavior/minmax/cat=0.5,Agglomerative,"{""linkage"": ""complete"", ""n_clusters"": 7}",ok,,,,7,1.0,4,75,0.5065580789967389,0.5164696146774372,0.6514221448183648,232.79236526005016,0.5164696146774372,False
373,behavior,behavior/minmax/cat=0.5,Agglomerative,"{""linkage"": ""average"", ""n_clusters"": 7}",ok,,,,7,1.0,3,79,0.53270217294811,0.5392582863552982,0.5547728196810183,230.98515133239306,0.5392582863552982,False
374,behavior,behavior/minmax/cat=0.5,Spectral,"{""affinity"": ""nearest_neighbors"", ""n_clusters"": 7, ""n_neighbors"": 10}",ok,"Graph is not fully connected, spectral embedding may not work as expected.",,,7,1.0,12,53,0.41273396222832426,0.41166386452175247,0.8915141177641879,198.51274330379638,0.41166386452175247,True
375,behavior,behavior/minmax/cat=0.5,Spectral,"{""affinity"": ""nearest_neighbors"", ""n_clusters"": 7, ""n_neighbors"": 20}",ok,,,,7,1.0,22,39,0.4130238231349189,0.40726975339816124,0.687617496723953,202.10226856167077,0.40726975339816124,True
376,behavior,behavior/minmax/cat=0.5,Birch,"{""n_clusters"": 7, ""threshold"": 0.2}",ok,Number of subclusters found (4) by BIRCH is less than (7). Decrease the threshold.,,,4,1.0,35,88,0.42489722779469047,0.42009143297105594,0.9054176896314312,158.02624230116587,0.42009143297105594,True
377,behavior,behavior/minmax/cat=0.5,Birch,"{""n_clusters"": 7, ""threshold"": 0.5}",ok,Number of subclusters found (1) by BIRCH is less than (7). Decrease the threshold.,,,1,1.0,200,200,,,,,-inf,False
378,behavior,behavior/minmax/cat=0.5,KMeans,"{""n_clusters"": 8}",ok,,,,8,1.0,10,44,0.42983975856498574,0.4524258099235098,0.7640050256897488,266.6439234244174,0.4524258099235098,True
379,behavior,behavior/minmax/cat=0.5,GMM,"{""covariance_type"": ""full"", ""n_components"": 8}",ok,,-65.22786261524647,-220.24877884300417,8,1.0,7,85,0.4836592138669113,0.46421846536087913,0.7216646151001413,190.03492192196455,0.46421846536087913,True
380,behavior,behavior/minmax/cat=0.5,GMM,"{""covariance_type"": ""tied"", ""n_components"": 8}",ok,,-111.643102987097,-197.39935451734593,8,1.0,6,84,0.5010890155165683,0.5019619247833944,0.6887916351960619,230.9823776449209,0.5019619247833944,True
381,behavior,behavior/minmax/cat=0.5,GMM,"{""covariance_type"": ""diag"", ""n_components"": 8}",ok,,-82.6389600358693,-211.27333733124271,8,1.0,9,79,0.49350470095160387,0.4789033434723474,0.6939702422012504,198.75106872807282,0.4789033434723474,True
382,behavior,behavior/minmax/cat=0.5,GMM,"{""covariance_type"": ""spherical"", ""n_components"": 8}",ok,,-112.70879042147232,-214.95662878446143,8,1.0,10,78,0.4808759860258969,0.4740508273304493,0.6746739155644683,195.06952318305736,0.4740508273304493,True
383,behavior,behavior/minmax/cat=0.5,Agglomerative,"{""linkage"": ""ward"", ""n_clusters"": 8}",ok,,,,8,1.0,4,59,0.41055127971395405,0.41757610210523666,0.7330464944191317,232.80861552102775,0.41757610210523666,False
384,behavior,behavior/minmax/cat=0.5,Agglomerative,"{""linkage"": ""complete"", ""n_clusters"": 8}",ok,,,,8,1.0,4,75,0.4794477897615473,0.4841620563512716,0.7407501818209148,214.7238325330387,0.4841620563512716,False
385,behavior,behavior/minmax/cat=0.5,Agglomerative,"{""linkage"": ""average"", ""n_clusters"": 8}",ok,,,,8,1.0,3,79,0.5138903018792489,0.517584676816499,0.5812372821570633,222.3069661577083,0.517584676816499,False
386,behavior,behavior/minmax/cat=0.5,Spectral,"{""affinity"": ""nearest_neighbors"", ""n_clusters"": 8, ""n_neighbors"": 10}",ok,"Graph is not fully connected, spectral embedding may not work as expected.",,,8,1.0,12,39,0.3953115780473755,0.365980277994378,0.892734886965633,187.57966459323356,0.365980277994378,True
387,behavior,behavior/minmax/cat=0.5,Spectral,"{""affinity"": ""nearest_neighbors"", ""n_clusters"": 8, ""n_neighbors"": 20}",ok,,,,8,1.0,20,39,0.39577160654667637,0.3795707870975346,0.7843827526596547,179.7517204377516,0.3795707870975346,True
388,behavior,behavior/minmax/cat=0.5,Birch,"{""n_clusters"": 8, ""threshold"": 0.2}",ok,Number of subclusters found (4) by BIRCH is less than (8). Decrease the threshold.,,,4,1.0,35,88,0.42489722779469047,0.42009143297105594,0.9054176896314312,158.02624230116587,0.42009143297105594,True
389,behavior,behavior/minmax/cat=0.5,Birch,"{""n_clusters"": 8, ""threshold"": 0.5}",ok,Number of subclusters found (1) by BIRCH is less than (8). Decrease the threshold.,,,1,1.0,200,200,,,,,-inf,False
390,behavior,behavior/minmax/cat=0.5,KMeans,"{""n_clusters"": 9}",ok,,,,9,1.0,10,45,0.4417217944852612,0.4559906806231531,0.7619622826187067,270.02847672847815,0.4559906806231531,True
391,behavior,behavior/minmax/cat=0.5,GMM,"{""covariance_type"": ""full"", ""n_components"": 9}",ok,,-49.2285999375203,-224.03942036456624,9,1.0,9,49,0.39697156511341225,0.3994968952912052,0.9722198034590576,196.7766360649427,0.3994968952912052,True
392,behavior,behavior/minmax/cat=0.5,GMM,"{""covariance_type"": ""tied"", ""n_components"": 9}",ok,,-102.88845088957717,-198.53965451947022,9,1.0,6,79,0.49148904637589086,0.4876251644652021,0.6921419835120576,235.46865700860536,0.4876251644652021,True
393,behavior,behavior/minmax/cat=0.5,GMM,"{""covariance_type"": ""diag"", ""n_components"": 9}",ok,,-73.21055866628677,-218.33652279440037,9,1.0,11,59,0.34850457707235555,0.3570953377410822,0.8651903207919789,223.28452401464762,0.3570953377410822,True
394,behavior,behavior/minmax/cat=0.5,GMM,"{""covariance_type"": ""spherical"", ""n_components"": 9}",ok,,-94.9291577829766,-210.37026561215788,9,1.0,6,78,0.45512908084095244,0.4518470173285645,0.6848998139928987,232.08771954190257,0.4518470173285645,True
395,behavior,behavior/minmax/cat=0.5,Agglomerative,"{""linkage"": ""ward"", ""n_clusters"": 9}",ok,,,,9,1.0,4,59,0.4177210331066167,0.4160601877940988,0.7376108194414555,232.8656686390365,0.4160601877940988,False
396,behavior,behavior/minmax/cat=0.5,Agglomerative,"{""linkage"": ""complete"", ""n_clusters"": 9}",ok,,,,9,1.0,4,75,0.44527812599841154,0.44472820197694446,0.8036101950939663,208.7390403540556,0.44472820197694446,False
397,behavior,behavior/minmax/cat=0.5,Agglomerative,"{""linkage"": ""average"", ""n_clusters"": 9}",ok,,,,9,1.0,3,79,0.4965642877837051,0.49238048623508307,0.715335205259881,216.58729806631302,0.49238048623508307,False
398,behavior,behavior/minmax/cat=0.5,Spectral,"{""affinity"": ""nearest_neighbors"", ""n_clusters"": 9, ""n_neighbors"": 10}",ok,"Graph is not fully connected, spectral embedding may not work as expected.",,,9,1.0,12,31,0.3950421596177964,0.37034486677202266,0.9104191004970317,180.9895809998904,0.37034486677202266,True
399,behavior,behavior/minmax/cat=0.5,Spectral,"{""affinity"": ""nearest_neighbors"", ""n_clusters"": 9, ""n_neighbors"": 20}",ok,,,,9,1.0,17,31,0.37589187423449955,0.3514177883283135,0.9500879447839488,172.97612515186424,0.3514177883283135,True
400,behavior,behavior/minmax/cat=0.5,Birch,"{""n_clusters"": 9, ""threshold"": 0.2}",ok,Number of subclusters found (4) by BIRCH is less than (9). Decrease the threshold.,,,4,1.0,35,88,0.42489722779469047,0.42009143297105594,0.9054176896314312,158.02624230116587,0.42009143297105594,True
401,behavior,behavior/minmax/cat=0.5,Birch,"{""n_clusters"": 9, ""threshold"": 0.5}",ok,Number of subclusters found (1) by BIRCH is less than (9). Decrease the threshold.,,,1,1.0,200,200,,,,,-inf,False
402,behavior,behavior/minmax/cat=0.5,KMeans,"{""n_clusters"": 10}",ok,,,,10,1.0,9,44,0.44563877983976935,0.44150499733198273,0.7410520064182441,264.8022947148782,0.44150499733198273,True
403,behavior,behavior/minmax/cat=0.5,GMM,"{""covariance_type"": ""full"", ""n_components"": 10}",ok,,-26.733654319943355,-221.33437894627752,10,1.0,9,52,0.3485213906461665,0.34389554712841514,0.9280362611806282,201.71842712028732,0.34389554712841514,True
404,behavior,behavior/minmax/cat=0.5,GMM,"{""covariance_type"": ""tied"", ""n_components"": 10}",ok,,-105.30300284812054,-210.8491585776577,10,1.0,4,83,0.47635483895182135,0.45961906561672805,0.7775386921040326,214.98556533897658,0.45961906561672805,False
405,behavior,behavior/minmax/cat=0.5,GMM,"{""covariance_type"": ""diag"", ""n_components"": 10}",ok,,-58.56532565626776,-220.18287661712156,10,1.0,11,28,0.3785647593144796,0.3835077743421946,0.8856979506432936,223.3430706375279,0.3835077743421946,True
406,behavior,behavior/minmax/cat=0.5,GMM,"{""covariance_type"": ""spherical"", ""n_components"": 10}",ok,,-95.84407019932658,-224.4784474947,10,1.0,6,79,0.4383854041005696,0.42342041015414394,0.8285508932564232,188.1591106199464,0.42342041015414394,True
407,behavior,behavior/minmax/cat=0.5,Agglomerative,"{""linkage"": ""ward"", ""n_clusters"": 10}",ok,,,,10,1.0,4,59,0.42320643020741444,0.41089226975939697,0.7320083527435155,230.53242812320738,0.41089226975939697,False
408,behavior,behavior/minmax/cat=0.5,Agglomerative,"{""linkage"": ""complete"", ""n_clusters"": 10}",ok,,,,10,1.0,4,75,0.44270076156052346,0.4362423010851845,0.801521992753449,212.85331149356173,0.4362423010851845,False
409,behavior,behavior/minmax/cat=0.5,Agglomerative,"{""linkage"": ""average"", ""n_clusters"": 10}",ok,,,,10,1.0,3,79,0.4765789662230154,0.4780801211040961,0.7854640540284565,220.6120559351087,0.4780801211040961,False
410,behavior,behavior/minmax/cat=0.5,Spectral,"{""affinity"": ""nearest_neighbors"", ""n_clusters"": 10, ""n_neighbors"": 10}",ok,"Graph is not fully connected, spectral embedding may not work as expected.",,,10,1.0,11,27,0.3789744069941864,0.3589660099843799,0.9047277444494931,193.27196091264935,0.3589660099843799,True
411,behavior,behavior/minmax/cat=0.5,Spectral,"{""affinity"": ""nearest_neighbors"", ""n_clusters"": 10, ""n_neighbors"": 20}",ok,,,,10,1.0,14,24,0.3775333561014735,0.3607617007601512,0.936381388662063,194.05473909167029,0.3607617007601512,True
412,behavior,behavior/minmax/cat=0.5,Birch,"{""n_clusters"": 10, ""threshold"": 0.2}",ok,Number of subclusters found (4) by BIRCH is less than (10). Decrease the threshold.,,,4,1.0,35,88,0.42489722779469047,0.42009143297105594,0.9054176896314312,158.02624230116587,0.42009143297105594,True
413,behavior,behavior/minmax/cat=0.5,Birch,"{""n_clusters"": 10, ""threshold"": 0.5}",ok,Number of subclusters found (1) by BIRCH is less than (10). Decrease the threshold.,,,1,1.0,200,200,,,,,-inf,False
414,behavior,behavior/minmax/cat=0.5,DBSCAN,"{""eps"": 0.03472541574588514, ""min_samples"": 4}",ok,,,,6,0.52,4,74,0.6352371671985371,0.6189765634147447,0.352807139317425,129.06328185894944,0.13897656341474474,False
415,behavior,behavior/minmax/cat=0.5,DBSCAN,"{""eps"": 0.051020408163265515, ""min_samples"": 4}",ok,,,,7,0.685,5,79,0.475832088781601,0.4777185564333439,0.5667062073817722,200.0218195565794,0.16271855643334393,False
416,behavior,behavior/minmax/cat=0.5,DBSCAN,"{""eps"": 0.07377049180327824, ""min_samples"": 4}",ok,,,,7,0.905,3,88,0.5229724984391011,0.5208251119547967,0.5298338179876904,215.964869578854,0.4258251119547968,False
417,behavior,behavior/minmax/cat=0.5,DBSCAN,"{""eps"": 0.09927911260072775, ""min_samples"": 4}",ok,,,,2,0.935,33,154,0.4044695580761792,0.3945114443526878,0.7576626267332662,85.87489910997772,0.32951144435268787,True
418,behavior,behavior/minmax/cat=0.5,DBSCAN,"{""eps"": 0.13032031397860805, ""min_samples"": 4}",ok,,,,2,0.97,36,158,0.39068062594263747,0.38457358305879286,0.8026726623326216,85.41370268833685,0.35457358305879283,True
419,behavior,behavior/minmax/cat=0.5,DBSCAN,"{""eps"": 0.052354105431965725, ""min_samples"": 7}",ok,,,,4,0.525,7,78,0.6416311617561307,0.622266807964762,0.38669071182301623,172.77427494880766,0.147266807964762,False
420,behavior,behavior/minmax/cat=0.5,DBSCAN,"{""eps"": 0.07986986289327289, ""min_samples"": 7}",ok,,,,5,0.765,7,87,0.576330571299192,0.5707812043108534,0.4737066084350041,216.75325923487122,0.33578120431085345,False
421,behavior,behavior/minmax/cat=0.5,DBSCAN,"{""eps"": 0.10537850299771842, ""min_samples"": 7}",ok,,,,3,0.915,12,139,0.3720505900536604,0.37412839109216484,0.7126061406459838,73.31628823277732,0.28912839109216487,True
422,behavior,behavior/minmax/cat=0.5,DBSCAN,"{""eps"": 0.1275431494876152, ""min_samples"": 7}",ok,,,,2,0.96,36,156,0.39930623038286805,0.39334539480061714,0.7912987417819037,88.89777100771217,0.3533453948006171,True
423,behavior,behavior/minmax/cat=0.5,DBSCAN,"{""eps"": 0.16862625556135186, ""min_samples"": 7}",ok,,,,1,0.98,196,196,,,,,-inf,False
424,behavior,behavior/minmax/cat=0.5,DBSCAN,"{""eps"": 0.06775086990473388, ""min_samples"": 10}",ok,,,,3,0.51,10,80,0.6050610196255476,0.5847574129466704,0.5281780860197987,137.7998319188963,0.0947574129466704,False
425,behavior,behavior/minmax/cat=0.5,DBSCAN,"{""eps"": 0.10045552112758542, ""min_samples"": 10}",ok,,,,4,0.77,13,88,0.601409588635542,0.5869475806339858,0.4895050149108914,267.0490818959021,0.3569475806339858,False
426,behavior,behavior/minmax/cat=0.5,DBSCAN,"{""eps"": 0.13006514229930205, ""min_samples"": 10}",ok,,,,3,0.95,12,143,0.34766435878520846,0.3541048736081362,0.7563629412567883,69.45265335857992,0.30410487360813615,True
427,behavior,behavior/minmax/cat=0.5,DBSCAN,"{""eps"": 0.1604211776664541, ""min_samples"": 10}",ok,,,,1,0.975,195,195,,,,,-inf,False
428,behavior,behavior/minmax/cat=0.5,DBSCAN,"{""eps"": 0.20748168028562905, ""min_samples"": 10}",ok,,,,1,0.99,198,198,,,,,-inf,False
429,behavior,behavior/minmax/cat=0.5,HDBSCAN,"{""cluster_selection_method"": ""eom"", ""min_cluster_size"": 5, ""min_samples"": 3}",ok,,,,8,0.905,5,79,0.484213740895176,0.48285941064547977,0.6019332623905168,223.20247389938956,0.3878594106454798,True
430,behavior,behavior/minmax/cat=0.5,HDBSCAN,"{""cluster_selection_method"": ""leaf"", ""min_cluster_size"": 5, ""min_samples"": 3}",ok,,,,15,0.775,5,24,0.42273111996929136,0.43131484328932757,0.7248654068414822,275.1722961786238,0.2063148432893276,False
431,behavior,behavior/minmax/cat=0.5,HDBSCAN,"{""cluster_selection_method"": ""eom"", ""min_cluster_size"": 5, ""min_samples"": 5}",ok,,,,6,0.865,5,85,0.5789213783400312,0.5720381349359466,0.4847883557283596,249.5547543713119,0.43703813493594657,False
432,behavior,behavior/minmax/cat=0.5,HDBSCAN,"{""cluster_selection_method"": ""leaf"", ""min_cluster_size"": 5, ""min_samples"": 5}",ok,,,,11,0.555,5,15,0.5387294545439404,0.5395799508588079,0.5945878607834092,385.7292454087957,0.09457995085880799,False
433,behavior,behavior/minmax/cat=0.5,HDBSCAN,"{""cluster_selection_method"": ""eom"", ""min_cluster_size"": 5, ""min_samples"": 10}",ok,,,,5,0.76,8,83,0.6293689973268709,0.6217597476793856,0.44407938974285566,263.0026201565411,0.3817597476793856,False
434,behavior,behavior/minmax/cat=0.5,HDBSCAN,"{""cluster_selection_method"": ""leaf"", ""min_cluster_size"": 5, ""min_samples"": 10}",ok,,,,7,0.45,6,23,0.5907681044960691,0.5946336178839018,0.4851310635771247,306.0057685581901,0.044633617883901744,False
435,behavior,behavior/minmax/cat=0.5,HDBSCAN,"{""cluster_selection_method"": ""eom"", ""min_cluster_size"": 10, ""min_samples"": 3}",ok,,,,5,0.945,12,96,0.5445042297348375,0.5318122680553301,0.5437828889176484,220.61800502256617,0.47681226805533006,True
436,behavior,behavior/minmax/cat=0.5,HDBSCAN,"{""cluster_selection_method"": ""leaf"", ""min_cluster_size"": 10, ""min_samples"": 3}",ok,,,,9,0.705,10,31,0.4627817123634942,0.4705240606396119,0.6683789825391,371.71437749824054,0.17552406063961185,False
437,behavior,behavior/minmax/cat=0.5,HDBSCAN,"{""cluster_selection_method"": ""eom"", ""min_cluster_size"": 10, ""min_samples"": 5}",ok,,,,5,0.875,11,92,0.5814939108439025,0.5681859220200212,0.49549938975998103,236.84832527458593,0.44318592202002116,False
438,behavior,behavior/minmax/cat=0.5,HDBSCAN,"{""cluster_selection_method"": ""leaf"", ""min_cluster_size"": 10, ""min_samples"": 5}",ok,,,,6,0.675,11,38,0.5636227750592815,0.5749412403605264,0.48227868312238004,346.0173921966585,0.24994124036052645,False
439,behavior,behavior/minmax/cat=0.5,HDBSCAN,"{""cluster_selection_method"": ""eom"", ""min_cluster_size"": 10, ""min_samples"": 10}",ok,,,,4,0.775,11,94,0.5770226577310996,0.5712133913759797,0.5331197181519043,171.69187951648055,0.34621339137597973,False
440,behavior,behavior/minmax/cat=0.5,HDBSCAN,"{""cluster_selection_method"": ""leaf"", ""min_cluster_size"": 10, ""min_samples"": 10}",ok,,,,4,0.775,11,94,0.5770226577310996,0.5712133913759797,0.5331197181519043,171.69187951648055,0.34621339137597973,False
441,behavior,behavior/minmax/cat=0.5,HDBSCAN,"{""cluster_selection_method"": ""eom"", ""min_cluster_size"": 15, ""min_samples"": 3}",ok,,,,4,0.885,18,96,0.5579730239372531,0.5438260517448539,0.5673101418240607,227.11370851565295,0.4288260517448539,False
442,behavior,behavior/minmax/cat=0.5,HDBSCAN,"{""cluster_selection_method"": ""leaf"", ""min_cluster_size"": 15, ""min_samples"": 3}",ok,,,,5,0.77,18,49,0.49600239282924996,0.5109996044339663,0.6077548217647998,301.84706999612604,0.2809996044339663,False
443,behavior,behavior/minmax/cat=0.5,HDBSCAN,"{""cluster_selection_method"": ""eom"", ""min_cluster_size"": 15, ""min_samples"": 5}",ok,,,,3,0.83,25,108,0.5311047242747846,0.5290264156890171,0.6027995662342737,173.79623366945614,0.35902641568901705,False
444,behavior,behavior/minmax/cat=0.5,HDBSCAN,"{""cluster_selection_method"": ""leaf"", ""min_cluster_size"": 15, ""min_samples"": 5}",ok,,,,3,0.83,25,108,0.5311047242747846,0.5290264156890171,0.6027995662342737,173.79623366945614,0.35902641568901705,False
445,behavior,behavior/minmax/cat=0.5,HDBSCAN,"{""cluster_selection_method"": ""eom"", ""min_cluster_size"": 15, ""min_samples"": 10}",ok,,,,3,0.72,22,94,0.5790628716498454,0.5732597692527313,0.5544604814659565,184.27151068353666,0.29325976925273123,False
446,behavior,behavior/minmax/cat=0.5,HDBSCAN,"{""cluster_selection_method"": ""leaf"", ""min_cluster_size"": 15, ""min_samples"": 10}",ok,,,,3,0.72,22,94,0.5790628716498454,0.5732597692527313,0.5544604814659565,184.27151068353666,0.29325976925273123,False
447,behavior,behavior/minmax/cat=0.5,HDBSCAN,"{""cluster_selection_method"": ""eom"", ""min_cluster_size"": 20, ""min_samples"": 3}",ok,,,,3,0.945,27,126,0.449570046888394,0.4622877730589576,0.6651503822216139,138.23680593090572,0.4072877730589575,True
448,behavior,behavior/minmax/cat=0.5,HDBSCAN,"{""cluster_selection_method"": ""leaf"", ""min_cluster_size"": 20, ""min_samples"": 3}",ok,,,,4,0.68,24,49,0.4886005532250317,0.50498770174831,0.6399720706120464,292.31554770791286,0.18498770174831003,False
449,behavior,behavior/minmax/cat=0.5,HDBSCAN,"{""cluster_selection_method"": ""eom"", ""min_cluster_size"": 20, ""min_samples"": 5}",ok,,,,3,0.83,25,108,0.5311047242747846,0.5290264156890171,0.6027995662342737,173.79623366945614,0.35902641568901705,False
450,behavior,behavior/minmax/cat=0.5,HDBSCAN,"{""cluster_selection_method"": ""leaf"", ""min_cluster_size"": 20, ""min_samples"": 5}",ok,,,,3,0.83,25,108,0.5311047242747846,0.5290264156890171,0.6027995662342737,173.79623366945614,0.35902641568901705,False
451,behavior,behavior/minmax/cat=0.5,HDBSCAN,"{""cluster_selection_method"": ""eom"", ""min_cluster_size"": 20, ""min_samples"": 10}",ok,,,,3,0.72,22,94,0.5790628716498454,0.5732597692527313,0.5544604814659565,184.27151068353666,0.29325976925273123,False
452,behavior,behavior/minmax/cat=0.5,HDBSCAN,"{""cluster_selection_method"": ""leaf"", ""min_cluster_size"": 20, ""min_samples"": 10}",ok,,,,3,0.72,22,94,0.5790628716498454,0.5732597692527313,0.5544604814659565,184.27151068353666,0.29325976925273123,False
453,behavior,behavior/minmax/cat=0.5,OPTICS,"{""min_cluster_size"": 0.05, ""min_samples"": 5, ""xi"": 0.03}",ok,,,,8,0.545,10,18,0.6198451877551502,0.60978501667061,0.5019052682283831,412.57292088297044,0.15478501667061006,False
454,behavior,behavior/minmax/cat=0.5,OPTICS,"{""min_cluster_size"": 0.05, ""min_samples"": 5, ""xi"": 0.05}",ok,,,,7,0.445,10,17,0.6457645474750694,0.6295661382107857,0.49083583579126755,447.6216866738296,0.07456613821078573,False
455,behavior,behavior/minmax/cat=0.5,OPTICS,"{""min_cluster_size"": 0.05, ""min_samples"": 5, ""xi"": 0.1}",ok,,,,7,0.42,10,14,0.6595358175470947,0.6407668129501269,0.4728539712604867,534.6700628554488,0.06076681295012687,False
456,behavior,behavior/minmax/cat=0.5,OPTICS,"{""min_cluster_size"": 0.05, ""min_samples"": 10, ""xi"": 0.03}",ok,,,,8,0.52,11,17,0.6034731890880592,0.5837923527700164,0.5534958733979197,397.1157848940777,0.10379235277001642,False
457,behavior,behavior/minmax/cat=0.5,OPTICS,"{""min_cluster_size"": 0.05, ""min_samples"": 10, ""xi"": 0.05}",ok,,,,6,0.785,10,91,0.5387243184407476,0.5161739732036413,0.5638713718560069,190.65663567781934,0.30117397320364137,False
458,behavior,behavior/minmax/cat=0.5,OPTICS,"{""min_cluster_size"": 0.05, ""min_samples"": 10, ""xi"": 0.1}",ok,,,,4,0.665,13,82,0.589445328488826,0.5673045622083376,0.6378396527899604,262.9018134232825,0.23230456220833762,False
459,behavior_age,behavior_age/standard/cat=0.5,KMeans,"{""n_clusters"": 2}",ok,,,,2,1.0,97,103,0.33547192894004574,0.33547192894004574,1.2606822880201844,107.09556673899093,0.33547192894004574,True
460,behavior_age,behavior_age/standard/cat=0.5,GMM,"{""covariance_type"": ""full"", ""n_components"": 2}",ok,,1656.9625276639922,1594.2944976995796,2,1.0,90,110,0.32878810196300934,0.32878810196300934,1.2646476970205431,104.89717432742515,0.32878810196300934,True
461,behavior_age,behavior_age/standard/cat=0.5,GMM,"{""covariance_type"": ""tied"", ""n_components"": 2}",ok,,1698.5762253219793,1655.698099556855,2,1.0,97,103,0.33547192894004574,0.33547192894004574,1.2606822880201844,107.09556673899093,0.33547192894004574,True
462,behavior_age,behavior_age/standard/cat=0.5,GMM,"{""covariance_type"": ""diag"", ""n_components"": 2}",ok,,1672.0554723688583,1629.177346603734,2,1.0,74,126,0.2902510178688578,0.2902510178688578,1.3322253507271096,86.4500917232341,0.2902510178688578,True
463,behavior_age,behavior_age/standard/cat=0.5,GMM,"{""covariance_type"": ""spherical"", ""n_components"": 2}",ok,,1720.3037756401327,1690.6189193412004,2,1.0,96,104,0.33465797889497234,0.33465797889497234,1.2604438915296423,106.87967418304315,0.33465797889497234,True
464,behavior_age,behavior_age/standard/cat=0.5,Agglomerative,"{""linkage"": ""ward"", ""n_clusters"": 2}",ok,,,,2,1.0,95,105,0.31795733680759597,0.31795733680759597,1.3082962894168522,99.00066801676013,0.31795733680759597,True
465,behavior_age,behavior_age/standard/cat=0.5,Agglomerative,"{""linkage"": ""complete"", ""n_clusters"": 2}",ok,,,,2,1.0,74,126,0.23302480062700368,0.23302480062700373,1.7943100673642882,52.20127349838298,0.23302480062700373,True
466,behavior_age,behavior_age/standard/cat=0.5,Agglomerative,"{""linkage"": ""average"", ""n_clusters"": 2}",ok,,,,2,1.0,91,109,0.32493642188577637,0.3249364218857763,1.2772508702234826,102.85657593430113,0.3249364218857763,True
467,behavior_age,behavior_age/standard/cat=0.5,Spectral,"{""affinity"": ""nearest_neighbors"", ""n_clusters"": 2, ""n_neighbors"": 10}",ok,,,,2,1.0,39,161,0.24919227711981207,0.24919227711981207,1.0903021769026107,55.59097301888128,0.24919227711981207,True
468,behavior_age,behavior_age/standard/cat=0.5,Spectral,"{""affinity"": ""nearest_neighbors"", ""n_clusters"": 2, ""n_neighbors"": 20}",ok,,,,2,1.0,40,160,0.24440073353855102,0.244400733538551,1.113100644123658,55.117773353449905,0.244400733538551,True
469,behavior_age,behavior_age/standard/cat=0.5,Birch,"{""n_clusters"": 2, ""threshold"": 0.2}",ok,,,,2,1.0,100,100,0.32023414727461563,0.32023414727461563,1.3042973651982062,100.5488195891737,0.32023414727461563,True
470,behavior_age,behavior_age/standard/cat=0.5,Birch,"{""n_clusters"": 2, ""threshold"": 0.5}",ok,,,,2,1.0,67,133,0.22995194155099136,0.22995194155099136,1.7938195795818692,49.02797452503787,0.22995194155099136,True
471,behavior_age,behavior_age/standard/cat=0.5,KMeans,"{""n_clusters"": 3}",ok,,,,3,1.0,41,91,0.35779338871027205,0.357793388710272,1.050270139649266,101.6949470919303,0.357793388710272,True
472,behavior_age,behavior_age/standard/cat=0.5,GMM,"{""covariance_type"": ""full"", ""n_components"": 3}",ok,,1581.9761380035427,1486.3249343736497,3,1.0,60,79,0.20494414043726988,0.20494414043726988,1.9053374016318134,55.65115744457443,0.20494414043726988,True
473,behavior_age,behavior_age/standard/cat=0.5,GMM,"{""covariance_type"": ""tied"", ""n_components"": 3}",ok,,1678.2527919071886,1622.181396675872,3,1.0,29,96,0.32666451552817277,0.32666451552817277,1.0830388024617885,91.04664106575335,0.32666451552817277,True
474,behavior_age,behavior_age/standard/cat=0.5,GMM,"{""covariance_type"": ""diag"", ""n_components"": 3}",ok,,1562.2842382535264,1496.3178909225658,3,1.0,61,77,0.20306292241882132,0.20306292241882132,1.90991222385969,55.58090881213725,0.20306292241882132,True
475,behavior_age,behavior_age/standard/cat=0.5,GMM,"{""covariance_type"": ""spherical"", ""n_components"": 3}",ok,,1657.7541370895326,1611.57769395786,3,1.0,36,122,0.2956830454081934,0.2956830454081934,1.01103827047073,73.44553587518598,0.2956830454081934,True
476,behavior_age,behavior_age/standard/cat=0.5,Agglomerative,"{""linkage"": ""ward"", ""n_clusters"": 3}",ok,,,,3,1.0,39,95,0.32148866683112387,0.32148866683112387,1.1277290061047862,88.10174149244529,0.32148866683112387,True
477,behavior_age,behavior_age/standard/cat=0.5,Agglomerative,"{""linkage"": ""complete"", ""n_clusters"": 3}",ok,,,,3,1.0,57,74,0.2838437998429964,0.28384379984299635,1.335771671970176,77.2244354018985,0.28384379984299635,True
478,behavior_age,behavior_age/standard/cat=0.5,Agglomerative,"{""linkage"": ""average"", ""n_clusters"": 3}",ok,,,,3,1.0,35,91,0.3399618729427274,0.33996187294272745,1.0913265285747318,95.81444786384594,0.33996187294272745,True
479,behavior_age,behavior_age/standard/cat=0.5,Spectral,"{""affinity"": ""nearest_neighbors"", ""n_clusters"": 3, ""n_neighbors"": 10}",ok,,,,3,1.0,39,103,0.34917476374745327,0.3491747637474532,1.0136229959248408,97.86823574818929,0.3491747637474532,True
480,behavior_age,behavior_age/standard/cat=0.5,Spectral,"{""affinity"": ""nearest_neighbors"", ""n_clusters"": 3, ""n_neighbors"": 20}",ok,,,,3,1.0,40,101,0.3526287588071115,0.3526287588071115,1.003974150396169,99.93987997345172,0.3526287588071115,True
481,behavior_age,behavior_age/standard/cat=0.5,Birch,"{""n_clusters"": 3, ""threshold"": 0.2}",ok,,,,3,1.0,38,100,0.34793269374421754,0.3479326937442175,1.021357168876271,97.0695916094742,0.3479326937442175,True
482,behavior_age,behavior_age/standard/cat=0.5,Birch,"{""n_clusters"": 3, ""threshold"": 0.5}",ok,,,,3,1.0,28,133,0.26574890077153296,0.2657489007715329,1.0609130017241424,63.58274272768958,0.2657489007715329,True
483,behavior_age,behavior_age/standard/cat=0.5,KMeans,"{""n_clusters"": 4}",ok,,,,4,1.0,38,65,0.4039582785148566,0.4039582785148566,0.9307956868103672,125.67639662405028,0.4039582785148566,True
484,behavior_age,behavior_age/standard/cat=0.5,GMM,"{""covariance_type"": ""full"", ""n_components"": 4}",ok,,1581.3733639082855,1452.738986612912,4,1.0,26,82,0.2604087138464087,0.2604087138464086,1.3981421557705738,62.5785371917191,0.2604087138464086,True
485,behavior_age,behavior_age/standard/cat=0.5,GMM,"{""covariance_type"": ""tied"", ""n_components"": 4}",ok,,1663.4782750752058,1594.213610377697,4,1.0,20,80,0.34944518510289163,0.3494451851028917,1.0593926738469912,89.29912694033275,0.3494451851028917,True
486,behavior_age,behavior_age/standard/cat=0.5,GMM,"{""covariance_type"": ""diag"", ""n_components"": 4}",ok,,1558.453218940281,1469.398650043484,4,1.0,23,77,0.26570065869393167,0.26570065869393167,1.3926947221450658,63.26053618250358,0.26570065869393167,True
487,behavior_age,behavior_age/standard/cat=0.5,GMM,"{""covariance_type"": ""spherical"", ""n_components"": 4}",ok,,1652.7695954254682,1590.1015654610555,4,1.0,34,70,0.40437846095625596,0.40437846095625596,0.9280010921994676,124.12538771361868,0.40437846095625596,True
488,behavior_age,behavior_age/standard/cat=0.5,Agglomerative,"{""linkage"": ""ward"", ""n_clusters"": 4}",ok,,,,4,1.0,28,67,0.3614512741691407,0.3614512741691407,1.0163821773024595,102.01939926024944,0.3614512741691407,True
489,behavior_age,behavior_age/standard/cat=0.5,Agglomerative,"{""linkage"": ""complete"", ""n_clusters"": 4}",ok,,,,4,1.0,35,69,0.39013868362208315,0.39013868362208315,0.9265794326726065,119.85700374534723,0.39013868362208315,True
490,behavior_age,behavior_age/standard/cat=0.5,Agglomerative,"{""linkage"": ""average"", ""n_clusters"": 4}",ok,,,,4,1.0,35,74,0.3839056982213577,0.3839056982213577,0.9816869384410498,111.62927221991741,0.3839056982213577,True
491,behavior_age,behavior_age/standard/cat=0.5,Spectral,"{""affinity"": ""nearest_neighbors"", ""n_clusters"": 4, ""n_neighbors"": 10}",ok,,,,4,1.0,39,68,0.38226288625368154,0.38226288625368154,0.9791859864058985,114.46921247282887,0.38226288625368154,True
492,behavior_age,behavior_age/standard/cat=0.5,Spectral,"{""affinity"": ""nearest_neighbors"", ""n_clusters"": 4, ""n_neighbors"": 20}",ok,,,,4,1.0,40,65,0.38689290075035687,0.38689290075035687,0.9664832829600496,117.30327004630173,0.38689290075035687,True
493,behavior_age,behavior_age/standard/cat=0.5,Birch,"{""n_clusters"": 4, ""threshold"": 0.2}",ok,,,,4,1.0,38,62,0.3978742417451339,0.3978742417451339,0.9366317231648293,122.52609351702647,0.3978742417451339,True
494,behavior_age,behavior_age/standard/cat=0.5,Birch,"{""n_clusters"": 4, ""threshold"": 0.5}",ok,,,,4,1.0,21,112,0.30595977889160636,0.30595977889160636,1.036885540265755,73.15851870183383,0.30595977889160636,True
495,behavior_age,behavior_age/standard/cat=0.5,KMeans,"{""n_clusters"": 5}",ok,,,,5,1.0,20,54,0.41664341513732767,0.41664341513732767,0.874551051002418,125.10094020060954,0.41664341513732767,True
496,behavior_age,behavior_age/standard/cat=0.5,GMM,"{""covariance_type"": ""full"", ""n_components"": 5}",ok,,1576.707840803002,1415.0902898421482,5,1.0,23,53,0.4063670087334304,0.4063670087334304,0.9355987334508509,116.90093123349072,0.4063670087334304,True
497,behavior_age,behavior_age/standard/cat=0.5,GMM,"{""covariance_type"": ""tied"", ""n_components"": 5}",ok,,1632.2176980084241,1549.7597638447232,5,1.0,20,63,0.4060512304054997,0.4060512304054997,0.8688496314449174,121.94311325771791,0.4060512304054997,True
498,behavior_age,behavior_age/standard/cat=0.5,GMM,"{""covariance_type"": ""diag"", ""n_components"": 5}",ok,,1521.7362866182493,1409.593496155616,5,1.0,22,78,0.3431032454629883,0.34310324546298837,1.140509926702109,81.44044612628663,0.34310324546298837,True
499,behavior_age,behavior_age/standard/cat=0.5,GMM,"{""covariance_type"": ""spherical"", ""n_components"": 5}",ok,,1626.7979911387797,1547.6383743416268,5,1.0,20,62,0.40621329154234653,0.40621329154234653,0.8692544121165711,122.72960816619877,0.40621329154234653,True
500,behavior_age,behavior_age/standard/cat=0.5,Agglomerative,"{""linkage"": ""ward"", ""n_clusters"": 5}",ok,,,,5,1.0,22,66,0.39002826186267214,0.39002826186267214,0.9162886109753661,107.82656032570374,0.39002826186267214,True
501,behavior_age,behavior_age/standard/cat=0.5,Agglomerative,"{""linkage"": ""complete"", ""n_clusters"": 5}",ok,,,,5,1.0,21,57,0.3999821356530837,0.3999821356530837,0.8847668365863901,121.43772559342926,0.3999821356530837,True
502,behavior_age,behavior_age/standard/cat=0.5,Agglomerative,"{""linkage"": ""average"", ""n_clusters"": 5}",ok,,,,5,1.0,20,54,0.409569248752507,0.40956924875250705,0.9202868175797428,116.48239037075767,0.40956924875250705,True
503,behavior_age,behavior_age/standard/cat=0.5,Spectral,"{""affinity"": ""nearest_neighbors"", ""n_clusters"": 5, ""n_neighbors"": 10}",ok,,,,5,1.0,23,66,0.34275261813571395,0.34275261813571406,1.034144201925199,98.15514182401678,0.34275261813571406,True
504,behavior_age,behavior_age/standard/cat=0.5,Spectral,"{""affinity"": ""nearest_neighbors"", ""n_clusters"": 5, ""n_neighbors"": 20}",ok,,,,5,1.0,24,58,0.4063408593146896,0.40634085931468955,0.8939950977705122,122.89348821526245,0.40634085931468955,True
505,behavior_age,behavior_age/standard/cat=0.5,Birch,"{""n_clusters"": 5, ""threshold"": 0.2}",ok,,,,5,1.0,17,61,0.40386257150749216,0.4038625715074922,0.8567767645270106,119.00913266122899,0.4038625715074922,True
506,behavior_age,behavior_age/standard/cat=0.5,Birch,"{""n_clusters"": 5, ""threshold"": 0.5}",ok,,,,5,1.0,21,90,0.3231018259851066,0.3231018259851066,1.1507240972413366,73.7045211051344,0.3231018259851066,True
507,behavior_age,behavior_age/standard/cat=0.5,KMeans,"{""n_clusters"": 6}",ok,,,,6,1.0,21,45,0.42742814991580175,0.42742814991580175,0.8277427938879608,135.10221697157,0.42742814991580175,True
508,behavior_age,behavior_age/standard/cat=0.5,GMM,"{""covariance_type"": ""full"", ""n_components"": 6}",ok,,1599.2293838861153,1404.6286592597812,6,1.0,13,54,0.3766841078351589,0.3766841078351589,0.8712865848500657,107.59086102117575,0.3766841078351589,True
509,behavior_age,behavior_age/standard/cat=0.5,GMM,"{""covariance_type"": ""tied"", ""n_components"": 6}",ok,,1586.1343264487955,1490.4831228189025,6,1.0,17,49,0.4235138424511434,0.4235138424511434,0.8232164612682492,130.12192445812397,0.4235138424511434,True
510,behavior_age,behavior_age/standard/cat=0.5,GMM,"{""covariance_type"": ""diag"", ""n_components"": 6}",ok,,1535.3684131691957,1400.1374011407263,6,1.0,22,49,0.40885874224179,0.4088587422417899,0.8391807760205051,124.05391468530271,0.4088587422417899,True
511,behavior_age,behavior_age/standard/cat=0.5,GMM,"{""covariance_type"": ""spherical"", ""n_components"": 6}",ok,,1597.3661153532864,1501.7149117233935,6,1.0,21,47,0.42434086738340343,0.42434086738340343,0.8166339096722441,129.68509692031398,0.42434086738340343,True
512,behavior_age,behavior_age/standard/cat=0.5,Agglomerative,"{""linkage"": ""ward"", ""n_clusters"": 6}",ok,,,,6,1.0,21,45,0.4201169558789579,0.4201169558789579,0.8521020845733146,127.98645433956887,0.4201169558789579,True
513,behavior_age,behavior_age/standard/cat=0.5,Agglomerative,"{""linkage"": ""complete"", ""n_clusters"": 6}",ok,,,,6,1.0,16,57,0.37456111132591957,0.37456111132591957,1.0004924898802199,109.4153502193853,0.37456111132591957,True
514,behavior_age,behavior_age/standard/cat=0.5,Agglomerative,"{""linkage"": ""average"", ""n_clusters"": 6}",ok,,,,6,1.0,4,54,0.38957308601543233,0.38957308601543233,0.8646021346720328,102.03702529233978,0.38957308601543233,False
515,behavior_age,behavior_age/standard/cat=0.5,Spectral,"{""affinity"": ""nearest_neighbors"", ""n_clusters"": 6, ""n_neighbors"": 10}",ok,,,,6,1.0,23,39,0.3911866794049018,0.3911866794049018,0.8966120095211872,124.81670096732459,0.3911866794049018,True
516,behavior_age,behavior_age/standard/cat=0.5,Spectral,"{""affinity"": ""nearest_neighbors"", ""n_clusters"": 6, ""n_neighbors"": 20}",ok,,,,6,1.0,23,48,0.371530430954153,0.371530430954153,0.9012949443560787,117.90939286342318,0.371530430954153,True
517,behavior_age,behavior_age/standard/cat=0.5,Birch,"{""n_clusters"": 6, ""threshold"": 0.2}",ok,,,,6,1.0,17,45,0.41233905535759086,0.41233905535759086,0.8416144586311928,126.51694442233399,0.41233905535759086,True
518,behavior_age,behavior_age/standard/cat=0.5,Birch,"{""n_clusters"": 6, ""threshold"": 0.5}",ok,,,,6,1.0,21,48,0.42822680370980465,0.42822680370980465,0.8396267489260961,130.19540801662905,0.42822680370980465,True
519,behavior_age,behavior_age/standard/cat=0.5,KMeans,"{""n_clusters"": 7}",ok,,,,7,1.0,20,39,0.4172318949549161,0.417231894954916,0.7934668170964964,132.77430922888286,0.417231894954916,True
520,behavior_age,behavior_age/standard/cat=0.5,GMM,"{""covariance_type"": ""full"", ""n_components"": 7}",ok,,1621.6233377272513,1394.0394394354369,7,1.0,13,40,0.38970114262797273,0.3897011426279727,0.8129871490629801,119.13238764326194,0.3897011426279727,True
521,behavior_age,behavior_age/standard/cat=0.5,GMM,"{""covariance_type"": ""tied"", ""n_components"": 7}",ok,,1589.546148741457,1480.7016756453718,7,1.0,6,50,0.4108070088798332,0.4108070088798331,0.841018717437887,121.53361169894343,0.4108070088798331,True
522,behavior_age,behavior_age/standard/cat=0.5,GMM,"{""covariance_type"": ""diag"", ""n_components"": 7}",ok,,1545.22166229508,1386.9024287007742,7,1.0,18,49,0.38153113518530135,0.38153113518530135,1.1042776755894579,112.20708233883308,0.38153113518530135,True
523,behavior_age,behavior_age/standard/cat=0.5,GMM,"{""covariance_type"": ""spherical"", ""n_components"": 7}",ok,,1562.2328775445621,1450.090087081929,7,1.0,19,39,0.406489697463601,0.406489697463601,0.7828850062638262,126.81012457906749,0.406489697463601,True
524,behavior_age,behavior_age/standard/cat=0.5,Agglomerative,"{""linkage"": ""ward"", ""n_clusters"": 7}",ok,,,,7,1.0,7,45,0.3982948069934959,0.3982948069934959,0.8513293747552518,120.6868052692565,0.3982948069934959,True
525,behavior_age,behavior_age/standard/cat=0.5,Agglomerative,"{""linkage"": ""complete"", ""n_clusters"": 7}",ok,,,,7,1.0,16,57,0.34342457167553847,0.34342457167553847,1.1307776094473234,100.9842184877476,0.34342457167553847,True
526,behavior_age,behavior_age/standard/cat=0.5,Agglomerative,"{""linkage"": ""average"", ""n_clusters"": 7}",ok,,,,7,1.0,4,54,0.38004372171306033,0.38004372171306033,0.8389317758466733,95.08598106263571,0.38004372171306033,False
527,behavior_age,behavior_age/standard/cat=0.5,Spectral,"{""affinity"": ""nearest_neighbors"", ""n_clusters"": 7, ""n_neighbors"": 10}",ok,,,,7,1.0,20,39,0.4101875389419191,0.4101875389419191,0.7966145883531681,128.21166263048931,0.4101875389419191,True
528,behavior_age,behavior_age/standard/cat=0.5,Spectral,"{""affinity"": ""nearest_neighbors"", ""n_clusters"": 7, ""n_neighbors"": 20}",ok,,,,7,1.0,20,39,0.40497754352882653,0.40497754352882653,0.7956592678727658,127.80392228867005,0.40497754352882653,True
529,behavior_age,behavior_age/standard/cat=0.5,Birch,"{""n_clusters"": 7, ""threshold"": 0.2}",ok,,,,7,1.0,17,45,0.3929331853544828,0.3929331853544828,1.0195029063102505,119.28304928791964,0.3929331853544828,True
530,behavior_age,behavior_age/standard/cat=0.5,Birch,"{""n_clusters"": 7, ""threshold"": 0.5}",ok,,,,7,1.0,3,48,0.4206687558661488,0.4206687558661488,0.8322075259049961,117.38411594804876,0.4206687558661488,False
531,behavior_age,behavior_age/standard/cat=0.5,KMeans,"{""n_clusters"": 8}",ok,,,,8,1.0,13,39,0.4086811760366162,0.4086811760366162,0.8892781962085714,131.07444613613006,0.4086811760366162,True
532,behavior_age,behavior_age/standard/cat=0.5,GMM,"{""covariance_type"": ""full"", ""n_components"": 8}",ok,,1652.0796014452185,1391.5125294879235,8,1.0,14,50,0.34859984859517357,0.34859984859517357,1.1605196773727198,102.60175893138012,0.34859984859517357,True
533,behavior_age,behavior_age/standard/cat=0.5,GMM,"{""covariance_type"": ""tied"", ""n_components"": 8}",ok,,1581.3319362708185,1459.2941937085411,8,1.0,6,46,0.39759736355818914,0.3975973635581891,0.9443538728589589,114.23954816009534,0.3975973635581891,True
534,behavior_age,behavior_age/standard/cat=0.5,GMM,"{""covariance_type"": ""diag"", ""n_components"": 8}",ok,,1561.15269195673,1379.745236796588,8,1.0,17,50,0.33920018217833214,0.33920018217833214,1.1710146836239124,102.87672632807418,0.33920018217833214,True
535,behavior_age,behavior_age/standard/cat=0.5,GMM,"{""covariance_type"": ""spherical"", ""n_components"": 8}",ok,,1578.8003052238585,1450.165927928485,8,1.0,17,39,0.40074305701881974,0.40074305701881974,0.9197990572110939,126.03992656661913,0.40074305701881974,True
536,behavior_age,behavior_age/standard/cat=0.5,Agglomerative,"{""linkage"": ""ward"", ""n_clusters"": 8}",ok,,,,8,1.0,7,39,0.36647935858620495,0.36647935858620484,0.8415867719430778,118.06679638909685,0.36647935858620484,True
537,behavior_age,behavior_age/standard/cat=0.5,Agglomerative,"{""linkage"": ""complete"", ""n_clusters"": 8}",ok,,,,8,1.0,15,42,0.3713674074033071,0.3713674074033071,1.0913588073291594,113.45516288860019,0.3713674074033071,True
538,behavior_age,behavior_age/standard/cat=0.5,Agglomerative,"{""linkage"": ""average"", ""n_clusters"": 8}",ok,,,,8,1.0,4,54,0.37556687914271797,0.375566879142718,0.8431266360794223,87.49720066508797,0.375566879142718,False
539,behavior_age,behavior_age/standard/cat=0.5,Spectral,"{""affinity"": ""nearest_neighbors"", ""n_clusters"": 8, ""n_neighbors"": 10}",ok,,,,8,1.0,18,33,0.3614143993980365,0.3614143993980365,0.9371201322198256,118.08385066626279,0.3614143993980365,True
540,behavior_age,behavior_age/standard/cat=0.5,Spectral,"{""affinity"": ""nearest_neighbors"", ""n_clusters"": 8, ""n_neighbors"": 20}",ok,,,,8,1.0,16,39,0.40775326379572474,0.40775326379572485,0.8780667629574874,125.34879674610048,0.40775326379572485,True
541,behavior_age,behavior_age/standard/cat=0.5,Birch,"{""n_clusters"": 8, ""threshold"": 0.2}",ok,,,,8,1.0,9,45,0.38933162032438773,0.38933162032438773,0.9301946804824175,112.91561329487514,0.38933162032438773,True
542,behavior_age,behavior_age/standard/cat=0.5,Birch,"{""n_clusters"": 8, ""threshold"": 0.5}",ok,,,,8,1.0,3,48,0.4064565247011731,0.4064565247011731,0.8598315280587441,108.2960141644414,0.4064565247011731,False
543,behavior_age,behavior_age/standard/cat=0.5,KMeans,"{""n_clusters"": 9}",ok,,,,9,1.0,10,39,0.4200735068174298,0.4200735068174298,0.854109418051159,131.24231591335763,0.4200735068174298,True
544,behavior_age,behavior_age/standard/cat=0.5,GMM,"{""covariance_type"": ""full"", ""n_components"": 9}",ok,,1680.7850885254998,1387.2348429027245,9,1.0,8,40,0.35840035778909496,0.35840035778909496,1.0329154141643544,106.06384679747195,0.35840035778909496,True
545,behavior_age,behavior_age/standard/cat=0.5,GMM,"{""covariance_type"": ""tied"", ""n_components"": 9}",ok,,1602.3480902268686,1467.1170781983992,9,1.0,5,39,0.41183247218514096,0.411832472185141,0.8357099474218271,119.7718021284232,0.411832472185141,True
546,behavior_age,behavior_age/standard/cat=0.5,GMM,"{""covariance_type"": ""diag"", ""n_components"": 9}",ok,,1594.5463166678046,1390.0506399418264,9,1.0,7,51,0.36698267381921035,0.36698267381921035,0.888826423414735,111.59742333200016,0.36698267381921035,True
547,behavior_age,behavior_age/standard/cat=0.5,GMM,"{""covariance_type"": ""spherical"", ""n_components"": 9}",ok,,1568.3219467144384,1423.1959825863248,9,1.0,9,32,0.38561429156746896,0.3856142915674689,0.9169441444217973,124.93776392309157,0.3856142915674689,True
548,behavior_age,behavior_age/standard/cat=0.5,Agglomerative,"{""linkage"": ""ward"", ""n_clusters"": 9}",ok,,,,9,1.0,7,39,0.3753854624760522,0.3753854624760521,0.8582348611138735,117.47512295202333,0.3753854624760521,True
549,behavior_age,behavior_age/standard/cat=0.5,Agglomerative,"{""linkage"": ""complete"", ""n_clusters"": 9}",ok,,,,9,1.0,5,42,0.37680900664451444,0.37680900664451444,0.9931396525816455,108.8409920128776,0.37680900664451444,True
550,behavior_age,behavior_age/standard/cat=0.5,Agglomerative,"{""linkage"": ""average"", ""n_clusters"": 9}",ok,,,,9,1.0,4,54,0.40685927643979286,0.40685927643979275,0.7639409469521374,106.9660347125372,0.40685927643979275,False
551,behavior_age,behavior_age/standard/cat=0.5,Spectral,"{""affinity"": ""nearest_neighbors"", ""n_clusters"": 9, ""n_neighbors"": 10}",ok,,,,9,1.0,13,33,0.364967734294157,0.364967734294157,0.9770720799783543,117.98955700017804,0.364967734294157,True
552,behavior_age,behavior_age/standard/cat=0.5,Spectral,"{""affinity"": ""nearest_neighbors"", ""n_clusters"": 9, ""n_neighbors"": 20}",ok,,,,9,1.0,16,32,0.36432128247966367,0.36432128247966367,0.9641280224040395,120.21790248356777,0.36432128247966367,True
553,behavior_age,behavior_age/standard/cat=0.5,Birch,"{""n_clusters"": 9, ""threshold"": 0.2}",ok,,,,9,1.0,5,45,0.3881436654541679,0.3881436654541679,0.9078367844426045,110.65800835118718,0.3881436654541679,True
554,behavior_age,behavior_age/standard/cat=0.5,Birch,"{""n_clusters"": 9, ""threshold"": 0.5}",ok,,,,9,1.0,3,48,0.4065643259927442,0.4065643259927442,0.8119416838656487,107.44473315719846,0.4065643259927442,False
555,behavior_age,behavior_age/standard/cat=0.5,KMeans,"{""n_clusters"": 10}",ok,,,,10,1.0,11,32,0.39728404472961004,0.39728404472961004,0.9056138840086442,133.38482835813724,0.39728404472961004,True
556,behavior_age,behavior_age/standard/cat=0.5,GMM,"{""covariance_type"": ""full"", ""n_components"": 10}",ok,,1687.8421400349496,1361.308720746694,10,1.0,2,40,0.3738285612584448,0.3738285612584448,0.9654251715522897,102.0209990850544,0.3738285612584448,False
557,behavior_age,behavior_age/standard/cat=0.5,GMM,"{""covariance_type"": ""tied"", ""n_components"": 10}",ok,,1588.9638622926916,1440.5395807980299,10,1.0,5,36,0.40573861121309673,0.40573861121309673,0.866831811047667,124.8002909753276,0.40573861121309673,True
558,behavior_age,behavior_age/standard/cat=0.5,GMM,"{""covariance_type"": ""diag"", ""n_components"": 10}",ok,,1600.2380456287292,1372.6541473369148,10,1.0,8,53,0.27767696461747576,0.27767696461747576,1.1191798761135239,88.01886140460275,0.27767696461747576,True
559,behavior_age,behavior_age/standard/cat=0.5,GMM,"{""covariance_type"": ""spherical"", ""n_components"": 10}",ok,,1571.6458274678675,1410.0282765070137,10,1.0,7,33,0.40481847763672546,0.40481847763672546,0.8665456393779856,131.32369739038708,0.40481847763672546,True
560,behavior_age,behavior_age/standard/cat=0.5,Agglomerative,"{""linkage"": ""ward"", ""n_clusters"": 10}",ok,,,,10,1.0,7,39,0.3808885873908944,0.3808885873908944,0.8854706168130535,117.2218945177966,0.3808885873908944,True
561,behavior_age,behavior_age/standard/cat=0.5,Agglomerative,"{""linkage"": ""complete"", ""n_clusters"": 10}",ok,,,,10,1.0,3,42,0.37137354099554143,0.37137354099554154,0.9446891309215821,105.724100502674,0.37137354099554154,False
562,behavior_age,behavior_age/standard/cat=0.5,Agglomerative,"{""linkage"": ""average"", ""n_clusters"": 10}",ok,,,,10,1.0,4,54,0.39544336024916205,0.39544336024916205,0.763828882525162,105.33810662628237,0.39544336024916205,False
563,behavior_age,behavior_age/standard/cat=0.5,Spectral,"{""affinity"": ""nearest_neighbors"", ""n_clusters"": 10, ""n_neighbors"": 10}",ok,,,,10,1.0,11,32,0.357592834049192,0.35759283404919207,0.989780828443674,120.73840387083287,0.35759283404919207,True
564,behavior_age,behavior_age/standard/cat=0.5,Spectral,"{""affinity"": ""nearest_neighbors"", ""n_clusters"": 10, ""n_neighbors"": 20}",ok,,,,10,1.0,16,28,0.3538431828779413,0.3538431828779413,1.0060333181257604,122.81325905158415,0.3538431828779413,True
565,behavior_age,behavior_age/standard/cat=0.5,Birch,"{""n_clusters"": 10, ""threshold"": 0.2}",ok,,,,10,1.0,5,45,0.35656427147415715,0.35656427147415715,0.9621258973698591,108.23146976478989,0.35656427147415715,True
566,behavior_age,behavior_age/standard/cat=0.5,Birch,"{""n_clusters"": 10, ""threshold"": 0.5}",ok,,,,10,1.0,3,48,0.3991196115332541,0.3991196115332542,0.7818647403226094,104.28310599251674,0.3991196115332542,False
567,behavior_age,behavior_age/standard/cat=0.5,DBSCAN,"{""eps"": 0.3650632506645838, ""min_samples"": 4}",ok,,,,8,0.54,4,27,0.49028809950571783,0.4902880995057178,0.7690911910349836,142.11859081463916,0.030288099505717814,False
568,behavior_age,behavior_age/standard/cat=0.5,DBSCAN,"{""eps"": 0.464646778638955, ""min_samples"": 4}",ok,,,,8,0.75,4,52,0.4784089066725409,0.4784089066725409,0.6090301297524383,103.22496734608846,0.22840890667254088,False
569,behavior_age,behavior_age/standard/cat=0.5,DBSCAN,"{""eps"": 0.5920692766172398, ""min_samples"": 4}",ok,,,,3,0.905,4,142,0.19836132831603032,0.19836132831603037,0.9426455498901275,31.884311935193164,0.1033613283160304,False
570,behavior_age,behavior_age/standard/cat=0.5,DBSCAN,"{""eps"": 0.676787468551429, ""min_samples"": 4}",ok,,,,2,0.94,4,184,0.1851685269779414,0.1851685269779414,0.7844520252265876,7.542461279046719,0.12516852697794134,False
571,behavior_age,behavior_age/standard/cat=0.5,DBSCAN,"{""eps"": 0.8663572876259495, ""min_samples"": 4}",ok,,,,1,0.99,198,198,,,,,-inf,False
572,behavior_age,behavior_age/standard/cat=0.5,DBSCAN,"{""eps"": 0.5097033785290477, ""min_samples"": 7}",ok,,,,5,0.665,7,48,0.5365846225918022,0.5365846225918022,0.5960282195462292,151.78267640058903,0.2015846225918022,False
573,behavior_age,behavior_age/standard/cat=0.5,DBSCAN,"{""eps"": 0.6227830362584493, ""min_samples"": 7}",ok,,,,3,0.77,14,106,0.2634441393371265,0.26344413933712657,1.0296594991820667,43.425327157429926,0.03344413933712659,False
574,behavior_age,behavior_age/standard/cat=0.5,DBSCAN,"{""eps"": 0.7596863669034731, ""min_samples"": 7}",ok,,,,1,0.93,186,186,,,,,-inf,False
575,behavior_age,behavior_age/standard/cat=0.5,DBSCAN,"{""eps"": 0.9236454328827121, ""min_samples"": 7}",ok,,,,1,0.98,196,196,,,,,-inf,False
576,behavior_age,behavior_age/standard/cat=0.5,DBSCAN,"{""eps"": 1.1433549644096321, ""min_samples"": 7}",ok,,,,1,1.0,200,200,,,,,-inf,False
577,behavior_age,behavior_age/standard/cat=0.5,DBSCAN,"{""eps"": 0.6116798341560012, ""min_samples"": 10}",ok,,,,4,0.675,19,52,0.5241385502485272,0.5241385502485272,0.6375907221036564,165.14787995554107,0.19913855024852722,False
578,behavior_age,behavior_age/standard/cat=0.5,DBSCAN,"{""eps"": 0.7079174327968412, ""min_samples"": 10}",ok,,,,2,0.785,14,143,0.23839801528065976,0.23839801528065976,0.9390639529113682,25.862998327061153,0.023398015280659795,False
579,behavior_age,behavior_age/standard/cat=0.5,DBSCAN,"{""eps"": 0.9179810636125656, ""min_samples"": 10}",ok,,,,1,0.96,192,192,,,,,-inf,False
580,behavior_age,behavior_age/standard/cat=0.5,DBSCAN,"{""eps"": 1.090732165884658, ""min_samples"": 10}",ok,,,,1,0.985,197,197,,,,,-inf,False
581,behavior_age,behavior_age/standard/cat=0.5,DBSCAN,"{""eps"": 1.2785044782470978, ""min_samples"": 10}",ok,,,,1,1.0,200,200,,,,,-inf,False
582,behavior_age,behavior_age/standard/cat=0.5,HDBSCAN,"{""cluster_selection_method"": ""eom"", ""min_cluster_size"": 5, ""min_samples"": 3}",ok,,,,9,0.76,5,38,0.4819484348626934,0.4819484348626934,0.7340000315412669,131.74564704032016,0.2419484348626934,False
583,behavior_age,behavior_age/standard/cat=0.5,HDBSCAN,"{""cluster_selection_method"": ""leaf"", ""min_cluster_size"": 5, ""min_samples"": 3}",ok,,,,13,0.57,5,17,0.439671658264986,0.439671658264986,0.7876665551647526,142.13736970722823,0.00967165826498595,False
584,behavior_age,behavior_age/standard/cat=0.5,HDBSCAN,"{""cluster_selection_method"": ""eom"", ""min_cluster_size"": 5, ""min_samples"": 5}",ok,,,,6,0.625,9,34,0.5569074057684305,0.5569074057684305,0.6148315043972488,195.6900735583492,0.18190740576843045,False
585,behavior_age,behavior_age/standard/cat=0.5,HDBSCAN,"{""cluster_selection_method"": ""leaf"", ""min_cluster_size"": 5, ""min_samples"": 5}",ok,,,,9,0.425,5,24,0.5135710176521835,0.5135710176521834,0.6877399844281468,156.12355171728885,-0.061428982347816574,False
586,behavior_age,behavior_age/standard/cat=0.5,HDBSCAN,"{""cluster_selection_method"": ""eom"", ""min_cluster_size"": 5, ""min_samples"": 10}",ok,,,,5,0.48,6,34,0.603002978767467,0.6030029787674671,0.5120163861771883,146.2151407466927,0.0830029787674671,False
587,behavior_age,behavior_age/standard/cat=0.5,HDBSCAN,"{""cluster_selection_method"": ""leaf"", ""min_cluster_size"": 5, ""min_samples"": 10}",ok,,,,5,0.48,6,34,0.603002978767467,0.6030029787674671,0.5120163861771883,146.2151407466927,0.0830029787674671,False
588,behavior_age,behavior_age/standard/cat=0.5,HDBSCAN,"{""cluster_selection_method"": ""eom"", ""min_cluster_size"": 10, ""min_samples"": 3}",ok,,,,6,0.72,13,38,0.5094165769479395,0.5094165769479395,0.6752226270940813,175.85173331155426,0.2294165769479395,False
589,behavior_age,behavior_age/standard/cat=0.5,HDBSCAN,"{""cluster_selection_method"": ""leaf"", ""min_cluster_size"": 10, ""min_samples"": 3}",ok,,,,6,0.72,13,38,0.5094165769479395,0.5094165769479395,0.6752226270940813,175.85173331155426,0.2294165769479395,False
590,behavior_age,behavior_age/standard/cat=0.5,HDBSCAN,"{""cluster_selection_method"": ""eom"", ""min_cluster_size"": 10, ""min_samples"": 5}",ok,,,,2,0.805,34,127,0.27309626807393456,0.27309626807393456,1.0371296624265958,50.579720720821655,0.0780962680739346,False
591,behavior_age,behavior_age/standard/cat=0.5,HDBSCAN,"{""cluster_selection_method"": ""leaf"", ""min_cluster_size"": 10, ""min_samples"": 5}",ok,,,,5,0.58,14,34,0.5484860959102865,0.5484860959102865,0.6407557397801698,205.67774576285478,0.12848609591028648,False
592,behavior_age,behavior_age/standard/cat=0.5,HDBSCAN,"{""cluster_selection_method"": ""eom"", ""min_cluster_size"": 10, ""min_samples"": 10}",ok,,,,4,0.45,12,34,0.6236710855053327,0.6236710855053327,0.4878420445995846,167.81415367877077,0.07367108550533263,False
593,behavior_age,behavior_age/standard/cat=0.5,HDBSCAN,"{""cluster_selection_method"": ""leaf"", ""min_cluster_size"": 10, ""min_samples"": 10}",ok,,,,4,0.45,12,34,0.6236710855053327,0.6236710855053327,0.4878420445995846,167.81415367877077,0.07367108550533263,False
594,behavior_age,behavior_age/standard/cat=0.5,HDBSCAN,"{""cluster_selection_method"": ""eom"", ""min_cluster_size"": 15, ""min_samples"": 3}",ok,,,,5,0.655,17,38,0.504023456641302,0.504023456641302,0.6910082737370579,183.76153922781816,0.15902345664130202,False
595,behavior_age,behavior_age/standard/cat=0.5,HDBSCAN,"{""cluster_selection_method"": ""leaf"", ""min_cluster_size"": 15, ""min_samples"": 3}",ok,,,,5,0.655,17,38,0.504023456641302,0.504023456641302,0.6910082737370579,183.76153922781816,0.15902345664130202,False
596,behavior_age,behavior_age/standard/cat=0.5,HDBSCAN,"{""cluster_selection_method"": ""eom"", ""min_cluster_size"": 15, ""min_samples"": 5}",ok,,,,2,0.805,34,127,0.27309626807393456,0.27309626807393456,1.0371296624265958,50.579720720821655,0.0780962680739346,False
597,behavior_age,behavior_age/standard/cat=0.5,HDBSCAN,"{""cluster_selection_method"": ""leaf"", ""min_cluster_size"": 15, ""min_samples"": 5}",ok,,,,4,0.51,17,34,0.5473932235842871,0.5473932235842871,0.657510175975001,205.76119695491295,0.05739322358428711,False
598,behavior_age,behavior_age/standard/cat=0.5,HDBSCAN,"{""cluster_selection_method"": ""eom"", ""min_cluster_size"": 15, ""min_samples"": 10}",ok,,,,3,0.39,17,34,0.6212344192156195,0.6212344192156195,0.5047027337014324,172.42619344770745,0.011234419215619518,False
599,behavior_age,behavior_age/standard/cat=0.5,HDBSCAN,"{""cluster_selection_method"": ""leaf"", ""min_cluster_size"": 15, ""min_samples"": 10}",ok,,,,3,0.39,17,34,0.6212344192156195,0.6212344192156195,0.5047027337014324,172.42619344770745,0.011234419215619518,False
600,behavior_age,behavior_age/standard/cat=0.5,HDBSCAN,"{""cluster_selection_method"": ""eom"", ""min_cluster_size"": 20, ""min_samples"": 3}",ok,,,,2,0.91,38,144,0.27587116782835275,0.2758711678283528,1.0381225855988154,59.871599603543835,0.18587116782835283,True
601,behavior_age,behavior_age/standard/cat=0.5,HDBSCAN,"{""cluster_selection_method"": ""leaf"", ""min_cluster_size"": 20, ""min_samples"": 3}",ok,,,,4,0.57,21,38,0.5018381769794904,0.5018381769794904,0.7026027151625712,179.30279603285638,0.07183817697949035,False
602,behavior_age,behavior_age/standard/cat=0.5,HDBSCAN,"{""cluster_selection_method"": ""eom"", ""min_cluster_size"": 20, ""min_samples"": 5}",ok,,,,2,0.805,34,127,0.27309626807393456,0.27309626807393456,1.0371296624265958,50.579720720821655,0.0780962680739346,False
603,behavior_age,behavior_age/standard/cat=0.5,HDBSCAN,"{""cluster_selection_method"": ""leaf"", ""min_cluster_size"": 20, ""min_samples"": 5}",ok,,,,3,0.55,27,49,0.5484822805731179,0.548482280573118,0.5955766546010189,173.0354801722548,0.09848228057311803,False
604,behavior_age,behavior_age/standard/cat=0.5,HDBSCAN,"{""cluster_selection_method"": ""eom"", ""min_cluster_size"": 20, ""min_samples"": 10}",ok,,,,2,0.54,27,81,0.3076098870038948,0.3076098870038948,1.0558857103211412,37.46098707085599,-0.15239011299610516,False
605,behavior_age,behavior_age/standard/cat=0.5,HDBSCAN,"{""cluster_selection_method"": ""leaf"", ""min_cluster_size"": 20, ""min_samples"": 10}",ok,,,,2,0.54,27,81,0.3076098870038948,0.3076098870038948,1.0558857103211412,37.46098707085599,-0.15239011299610516,False
606,behavior_age,behavior_age/standard/cat=0.5,OPTICS,"{""min_cluster_size"": 0.05, ""min_samples"": 5, ""xi"": 0.03}",ok,,,,6,0.495,11,23,0.6032374850769292,0.6032374850769292,0.5299804221563238,208.46905211403237,0.0982374850769292,False
607,behavior_age,behavior_age/standard/cat=0.5,OPTICS,"{""min_cluster_size"": 0.05, ""min_samples"": 5, ""xi"": 0.05}",ok,,,,6,0.46,11,19,0.6070555730369104,0.6070555730369104,0.525657346267067,205.1059160785648,0.06705557303691034,False
608,behavior_age,behavior_age/standard/cat=0.5,OPTICS,"{""min_cluster_size"": 0.05, ""min_samples"": 5, ""xi"": 0.1}",ok,,,,3,0.295,18,22,0.6821730273399985,0.6821730273399985,0.45613305397250814,194.84395284489932,-0.022826972660001554,False
609,behavior_age,behavior_age/standard/cat=0.5,OPTICS,"{""min_cluster_size"": 0.05, ""min_samples"": 10, ""xi"": 0.03}",ok,,,,6,0.715,14,36,0.5265879970389441,0.5265879970389441,0.648101192999465,191.2650626732362,0.24158799703894407,False
610,behavior_age,behavior_age/standard/cat=0.5,OPTICS,"{""min_cluster_size"": 0.05, ""min_samples"": 10, ""xi"": 0.05}",ok,,,,4,0.52,18,35,0.5738875136584145,0.5738875136584145,0.61126529947988,156.30626327526332,0.09388751365841452,False
611,behavior_age,behavior_age/standard/cat=0.5,OPTICS,"{""min_cluster_size"": 0.05, ""min_samples"": 10, ""xi"": 0.1}",ok,,,,1,0.105,21,21,,,,,-inf,False
612,behavior_age,behavior_age/robust/cat=0.5,KMeans,"{""n_clusters"": 2}",ok,,,,2,1.0,97,103,0.32785378084154176,0.33547192894004574,1.2606822880201844,107.09556673899093,0.33547192894004574,True
613,behavior_age,behavior_age/robust/cat=0.5,GMM,"{""covariance_type"": ""full"", ""n_components"": 2}",ok,,1216.6525765533734,1153.9845465889607,2,1.0,90,110,0.3208758047717714,0.32878810196300934,1.2646476970205431,104.89717432742515,0.32878810196300934,True
614,behavior_age,behavior_age/robust/cat=0.5,GMM,"{""covariance_type"": ""tied"", ""n_components"": 2}",ok,,1258.2658322576824,1215.387706492558,2,1.0,97,103,0.32785378084154176,0.33547192894004574,1.2606822880201844,107.09556673899093,0.33547192894004574,True
615,behavior_age,behavior_age/robust/cat=0.5,GMM,"{""covariance_type"": ""diag"", ""n_components"": 2}",ok,,1231.7461319070296,1188.8680061419052,2,1.0,74,126,0.28197128230966917,0.2902510178688578,1.3322253507271096,86.4500917232341,0.2902510178688578,True
616,behavior_age,behavior_age/robust/cat=0.5,GMM,"{""covariance_type"": ""spherical"", ""n_components"": 2}",ok,,1288.2239577597704,1258.539101460838,2,1.0,96,104,0.3270005915954382,0.33465797889497234,1.2604438915296423,106.87967418304315,0.33465797889497234,True
617,behavior_age,behavior_age/robust/cat=0.5,Agglomerative,"{""linkage"": ""ward"", ""n_clusters"": 2}",ok,,,,2,1.0,95,105,0.31507090508097346,0.32170347597342625,1.2957493489559073,100.09923908671247,0.32170347597342625,True
618,behavior_age,behavior_age/robust/cat=0.5,Agglomerative,"{""linkage"": ""complete"", ""n_clusters"": 2}",ok,,,,2,1.0,74,126,0.2410718754040973,0.23302480062700373,1.7943100673642882,52.20127349838298,0.23302480062700373,True
619,behavior_age,behavior_age/robust/cat=0.5,Agglomerative,"{""linkage"": ""average"", ""n_clusters"": 2}",ok,,,,2,1.0,91,109,0.31745452541364566,0.3249364218857763,1.2772508702234826,102.85657593430113,0.3249364218857763,True
620,behavior_age,behavior_age/robust/cat=0.5,Spectral,"{""affinity"": ""nearest_neighbors"", ""n_clusters"": 2, ""n_neighbors"": 10}",ok,,,,2,1.0,39,161,0.24835445809841544,0.24919227711981207,1.0903021769026107,55.59097301888128,0.24919227711981207,True
621,behavior_age,behavior_age/robust/cat=0.5,Spectral,"{""affinity"": ""nearest_neighbors"", ""n_clusters"": 2, ""n_neighbors"": 20}",ok,,,,2,1.0,40,160,0.243616397135743,0.244400733538551,1.113100644123658,55.117773353449905,0.244400733538551,True
622,behavior_age,behavior_age/robust/cat=0.5,Birch,"{""n_clusters"": 2, ""threshold"": 0.2}",ok,,,,2,1.0,77,123,0.24295125098308298,0.23441020571680554,1.7716853440182092,54.186310911610256,0.23441020571680554,True
623,behavior_age,behavior_age/robust/cat=0.5,Birch,"{""n_clusters"": 2, ""threshold"": 0.5}",ok,,,,2,1.0,74,126,0.2419833443865658,0.23401451222898756,1.791622557060901,52.46926324158475,0.23401451222898756,True
624,behavior_age,behavior_age/robust/cat=0.5,KMeans,"{""n_clusters"": 3}",ok,,,,3,1.0,46,86,0.3551724117882442,0.35466692924973214,1.064263366115059,100.79448478419806,0.35466692924973214,True
625,behavior_age,behavior_age/robust/cat=0.5,GMM,"{""covariance_type"": ""full"", ""n_components"": 3}",ok,,1183.5748901730437,1087.9236865431508,3,1.0,35,91,0.3369921192988878,0.3405583328635175,1.085843734165669,96.41679917151232,0.3405583328635175,True
626,behavior_age,behavior_age/robust/cat=0.5,GMM,"{""covariance_type"": ""tied"", ""n_components"": 3}",ok,,1237.6505194714214,1181.5791242401049,3,1.0,30,97,0.3399299936344818,0.34505746490798134,1.0405539413898195,95.5129810887764,0.34505746490798134,True
627,behavior_age,behavior_age/robust/cat=0.5,GMM,"{""covariance_type"": ""diag"", ""n_components"": 3}",ok,,1203.3349281954374,1137.3685808644768,3,1.0,39,112,0.3370030526903548,0.34061538999732277,0.9828470058226372,93.7425639129484,0.34061538999732277,True
628,behavior_age,behavior_age/robust/cat=0.5,GMM,"{""covariance_type"": ""spherical"", ""n_components"": 3}",ok,,1221.6145392071314,1175.4380960754588,3,1.0,35,126,0.27804604486883716,0.2815130550140891,1.0157983470881928,67.57361224084515,0.2815130550140891,True
629,behavior_age,behavior_age/robust/cat=0.5,Agglomerative,"{""linkage"": ""ward"", ""n_clusters"": 3}",ok,,,,3,1.0,39,105,0.3352967940115349,0.3383953490825779,1.0603876224741628,89.94489376594132,0.3383953490825779,True
630,behavior_age,behavior_age/robust/cat=0.5,Agglomerative,"{""linkage"": ""complete"", ""n_clusters"": 3}",ok,,,,3,1.0,36,90,0.2223121949978689,0.21688525721728447,1.4767535401224359,60.69067986475361,0.21688525721728447,True
631,behavior_age,behavior_age/robust/cat=0.5,Agglomerative,"{""linkage"": ""average"", ""n_clusters"": 3}",ok,,,,3,1.0,35,91,0.33649813078854945,0.33996187294272745,1.0913265285747318,95.81444786384594,0.33996187294272745,True
632,behavior_age,behavior_age/robust/cat=0.5,Spectral,"{""affinity"": ""nearest_neighbors"", ""n_clusters"": 3, ""n_neighbors"": 10}",ok,,,,3,1.0,39,102,0.3469377873167355,0.34836961245157505,1.0195004790953706,97.75001400125883,0.34836961245157505,True
633,behavior_age,behavior_age/robust/cat=0.5,Spectral,"{""affinity"": ""nearest_neighbors"", ""n_clusters"": 3, ""n_neighbors"": 20}",ok,,,,3,1.0,40,101,0.3497264360710341,0.3526287588071115,1.003974150396169,99.93987997345172,0.3526287588071115,True
634,behavior_age,behavior_age/robust/cat=0.5,Birch,"{""n_clusters"": 3, ""threshold"": 0.2}",ok,,,,3,1.0,38,123,0.297386443925004,0.2915608730749134,1.1177105392853093,71.20957390571658,0.2915608730749134,True
635,behavior_age,behavior_age/robust/cat=0.5,Birch,"{""n_clusters"": 3, ""threshold"": 0.5}",ok,,,,3,1.0,35,126,0.29536956151021043,0.28970179005306984,1.0965452168805754,70.36151441538415,0.28970179005306984,True
636,behavior_age,behavior_age/robust/cat=0.5,KMeans,"{""n_clusters"": 4}",ok,,,,4,1.0,38,65,0.4053102434545109,0.4039582785148566,0.9307956868103672,125.67639662405028,0.4039582785148566,True
637,behavior_age,behavior_age/robust/cat=0.5,GMM,"{""covariance_type"": ""full"", ""n_components"": 4}",ok,,1156.6891006371081,1028.0547233417346,4,1.0,34,76,0.37449043471741406,0.3734466371028913,0.9946160474204264,107.1484925813933,0.3734466371028913,True
638,behavior_age,behavior_age/robust/cat=0.5,GMM,"{""covariance_type"": ""tied"", ""n_components"": 4}",ok,,1235.4200473044,1166.1553826068912,4,1.0,30,70,0.3955975153373848,0.39502387188323623,0.9256053455547247,120.63712115704357,0.39502387188323623,True
639,behavior_age,behavior_age/robust/cat=0.5,GMM,"{""covariance_type"": ""diag"", ""n_components"": 4}",ok,,1190.0328771342972,1100.9783082375002,4,1.0,32,71,0.4021969830852252,0.40176328063853556,0.9327642379639846,121.67383448579693,0.40176328063853556,True
640,behavior_age,behavior_age/robust/cat=0.5,GMM,"{""covariance_type"": ""spherical"", ""n_components"": 4}",ok,,1216.6684612898653,1154.0004313254526,4,1.0,34,69,0.4048129429961624,0.4038481827272022,0.9256723330295602,123.88145627360099,0.4038481827272022,True
641,behavior_age,behavior_age/robust/cat=0.5,Agglomerative,"{""linkage"": ""ward"", ""n_clusters"": 4}",ok,,,,4,1.0,28,77,0.37085139244005033,0.36977930209166765,0.9973291869486918,102.52693977098772,0.36977930209166765,True
642,behavior_age,behavior_age/robust/cat=0.5,Agglomerative,"{""linkage"": ""complete"", ""n_clusters"": 4}",ok,,,,4,1.0,35,90,0.31975590740756554,0.3183832663558083,1.0357568695357526,93.6253479431778,0.3183832663558083,True
643,behavior_age,behavior_age/robust/cat=0.5,Agglomerative,"{""linkage"": ""average"", ""n_clusters"": 4}",ok,,,,4,1.0,35,74,0.38486005998068373,0.3839056982213577,0.9816869384410498,111.62927221991741,0.3839056982213577,True
644,behavior_age,behavior_age/robust/cat=0.5,Spectral,"{""affinity"": ""nearest_neighbors"", ""n_clusters"": 4, ""n_neighbors"": 10}",ok,,,,4,1.0,39,66,0.3863230691147511,0.38449923149810955,0.9729989498854523,115.49064275709078,0.38449923149810955,True
645,behavior_age,behavior_age/robust/cat=0.5,Spectral,"{""affinity"": ""nearest_neighbors"", ""n_clusters"": 4, ""n_neighbors"": 20}",ok,,,,4,1.0,40,64,0.38488067113671376,0.38261943074608423,0.9819092634421634,114.10468520609021,0.38261943074608423,True
646,behavior_age,behavior_age/robust/cat=0.5,Birch,"{""n_clusters"": 4, ""threshold"": 0.2}",ok,,,,4,1.0,38,72,0.3956133965159448,0.3942628676698589,0.9598700985231093,119.06558372747027,0.3942628676698589,True
647,behavior_age,behavior_age/robust/cat=0.5,Birch,"{""n_clusters"": 4, ""threshold"": 0.5}",ok,,,,4,1.0,35,68,0.40217542116004856,0.40115326523218386,0.941297221091524,122.4249646083453,0.40115326523218386,True
648,behavior_age,behavior_age/robust/cat=0.5,KMeans,"{""n_clusters"": 5}",ok,,,,5,1.0,20,54,0.4164375888028923,0.41664341513732767,0.874551051002418,125.10094020060956,0.41664341513732767,True
649,behavior_age,behavior_age/robust/cat=0.5,GMM,"{""covariance_type"": ""full"", ""n_components"": 5}",ok,,1185.152014976758,1023.5344640159043,5,1.0,14,76,0.30807923369658835,0.30478099636078765,1.0564240538239713,83.35187323782499,0.30478099636078765,True
650,behavior_age,behavior_age/robust/cat=0.5,GMM,"{""covariance_type"": ""tied"", ""n_components"": 5}",ok,,1191.8645132694057,1109.4065791057049,5,1.0,20,63,0.40342750110281583,0.4060512304054997,0.8688496314449174,121.94311325771791,0.4060512304054997,True
651,behavior_age,behavior_age/robust/cat=0.5,GMM,"{""covariance_type"": ""diag"", ""n_components"": 5}",ok,,1161.302407044448,1049.1596165818148,5,1.0,20,88,0.34544357289419153,0.3464231649450253,0.8772654485483112,91.39643735057597,0.3464231649450253,True
652,behavior_age,behavior_age/robust/cat=0.5,GMM,"{""covariance_type"": ""spherical"", ""n_components"": 5}",ok,,1191.1613061853564,1112.0016893882034,5,1.0,20,63,0.40230609604546713,0.4047981554720907,0.8681603342327943,122.08744869451031,0.4047981554720907,True
653,behavior_age,behavior_age/robust/cat=0.5,Agglomerative,"{""linkage"": ""ward"", ""n_clusters"": 5}",ok,,,,5,1.0,20,57,0.39822607036129604,0.3986644488622697,0.9380560490690151,106.72277269638519,0.3986644488622697,True
654,behavior_age,behavior_age/robust/cat=0.5,Agglomerative,"{""linkage"": ""complete"", ""n_clusters"": 5}",ok,,,,5,1.0,7,83,0.29360827163870135,0.2945336932189261,1.0497228769411215,79.32167096976133,0.2945336932189261,True
655,behavior_age,behavior_age/robust/cat=0.5,Agglomerative,"{""linkage"": ""average"", ""n_clusters"": 5}",ok,,,,5,1.0,20,54,0.40931371288319324,0.40956924875250705,0.9202868175797428,116.48239037075767,0.40956924875250705,True
656,behavior_age,behavior_age/robust/cat=0.5,Spectral,"{""affinity"": ""nearest_neighbors"", ""n_clusters"": 5, ""n_neighbors"": 10}",ok,,,,5,1.0,23,68,0.33979147476710814,0.3411170887899019,1.0285085288755673,97.9668667019416,0.3411170887899019,True
657,behavior_age,behavior_age/robust/cat=0.5,Spectral,"{""affinity"": ""nearest_neighbors"", ""n_clusters"": 5, ""n_neighbors"": 20}",ok,,,,5,1.0,24,60,0.40741506279242273,0.40839089071023965,0.8852977496564807,122.97622359736033,0.40839089071023965,True
658,behavior_age,behavior_age/robust/cat=0.5,Birch,"{""n_clusters"": 5, ""threshold"": 0.2}",ok,,,,5,1.0,21,51,0.4031599702955782,0.40300623129934576,0.9141037604468677,118.5900381691356,0.40300623129934576,True
659,behavior_age,behavior_age/robust/cat=0.5,Birch,"{""n_clusters"": 5, ""threshold"": 0.5}",ok,,,,5,1.0,15,58,0.40730390177277714,0.4077885609605127,0.8691008058692258,118.47185431635884,0.4077885609605127,True
660,behavior_age,behavior_age/robust/cat=0.5,KMeans,"{""n_clusters"": 6}",ok,,,,6,1.0,21,45,0.4276464786969933,0.429210925806494,0.829744880158842,134.98602313043446,0.429210925806494,True
661,behavior_age,behavior_age/robust/cat=0.5,GMM,"{""covariance_type"": ""full"", ""n_components"": 6}",ok,,1159.0291125820766,964.4283879557424,6,1.0,20,52,0.4127591515291686,0.4146077701176813,0.8462751060314168,123.88166046815431,0.4146077701176813,True
662,behavior_age,behavior_age/robust/cat=0.5,GMM,"{""covariance_type"": ""tied"", ""n_components"": 6}",ok,,1145.8240553615585,1050.1728517316656,6,1.0,17,49,0.41990259368679894,0.4235138424511434,0.8232164612682493,130.12192445812394,0.4235138424511434,True
663,behavior_age,behavior_age/robust/cat=0.5,GMM,"{""covariance_type"": ""diag"", ""n_components"": 6}",ok,,1094.861660281679,959.6306482532094,6,1.0,15,78,0.3043467552492882,0.3028659364739172,1.2941254905951551,69.85339454063138,0.3028659364739172,True
664,behavior_age,behavior_age/robust/cat=0.5,GMM,"{""covariance_type"": ""spherical"", ""n_components"": 6}",ok,,1160.7160422929135,1065.0648386630205,6,1.0,21,47,0.4224175939489897,0.42434086738340343,0.8166339096722441,129.685096920314,0.42434086738340343,True
665,behavior_age,behavior_age/robust/cat=0.5,Agglomerative,"{""linkage"": ""ward"", ""n_clusters"": 6}",ok,,,,6,1.0,20,57,0.41973713353766234,0.421511051653861,0.8538656236702101,122.26444619315708,0.421511051653861,True
666,behavior_age,behavior_age/robust/cat=0.5,Agglomerative,"{""linkage"": ""complete"", ""n_clusters"": 6}",ok,,,,6,1.0,7,63,0.33985063992335085,0.3410043802941695,0.9890855968117683,92.65675973341204,0.3410043802941695,True
667,behavior_age,behavior_age/robust/cat=0.5,Agglomerative,"{""linkage"": ""average"", ""n_clusters"": 6}",ok,,,,6,1.0,4,54,0.38897574687205305,0.38957308601543233,0.8646021346720328,102.03702529233978,0.38957308601543233,False
668,behavior_age,behavior_age/robust/cat=0.5,Spectral,"{""affinity"": ""nearest_neighbors"", ""n_clusters"": 6, ""n_neighbors"": 10}",ok,,,,6,1.0,23,39,0.3818382995483334,0.3825394991246956,0.9117029311693008,122.272706814479,0.3825394991246956,True
669,behavior_age,behavior_age/robust/cat=0.5,Spectral,"{""affinity"": ""nearest_neighbors"", ""n_clusters"": 6, ""n_neighbors"": 20}",ok,,,,6,1.0,23,49,0.36641600548792097,0.36815245719484596,0.8978044887363058,117.00076491852121,0.36815245719484596,True
670,behavior_age,behavior_age/robust/cat=0.5,Birch,"{""n_clusters"": 6, ""threshold"": 0.2}",ok,,,,6,1.0,4,51,0.38660770995628824,0.38472103328087653,0.9420061597815894,101.57762991261461,0.38472103328087653,False
671,behavior_age,behavior_age/robust/cat=0.5,Birch,"{""n_clusters"": 6, ""threshold"": 0.5}",ok,,,,6,1.0,6,58,0.38814675594949904,0.38931873112231047,0.8513949590819331,105.86620075457095,0.38931873112231047,True
672,behavior_age,behavior_age/robust/cat=0.5,KMeans,"{""n_clusters"": 7}",ok,,,,7,1.0,20,39,0.4205951766603244,0.42190482256145484,0.7882295610956574,132.46196866573294,0.42190482256145484,True
673,behavior_age,behavior_age/robust/cat=0.5,GMM,"{""covariance_type"": ""full"", ""n_components"": 7}",ok,,1181.313013912102,953.7291156202875,7,1.0,13,40,0.38791985791363875,0.3897011426279727,0.8129871490629801,119.13238764326196,0.3897011426279727,True
674,behavior_age,behavior_age/robust/cat=0.5,GMM,"{""covariance_type"": ""tied"", ""n_components"": 7}",ok,,1149.2780411151805,1040.4335680190952,7,1.0,6,50,0.4054908858254441,0.40975764226309613,0.8416229613406071,120.68689219321809,0.40975764226309613,True
675,behavior_age,behavior_age/robust/cat=0.5,GMM,"{""covariance_type"": ""diag"", ""n_components"": 7}",ok,,1111.6836840119477,953.3644504176418,7,1.0,14,49,0.37659780158139766,0.3757249585294849,0.9344947349846581,112.59031668522518,0.3757249585294849,True
676,behavior_age,behavior_age/robust/cat=0.5,GMM,"{""covariance_type"": ""spherical"", ""n_components"": 7}",ok,,1127.3068051708121,1015.1640147081789,7,1.0,19,39,0.4044778713095525,0.406489697463601,0.7828850062638262,126.81012457906749,0.406489697463601,True
677,behavior_age,behavior_age/robust/cat=0.5,Agglomerative,"{""linkage"": ""ward"", ""n_clusters"": 7}",ok,,,,7,1.0,20,39,0.40869591514332954,0.4108025496001364,0.8307174551342998,125.99261109344233,0.4108025496001364,True
678,behavior_age,behavior_age/robust/cat=0.5,Agglomerative,"{""linkage"": ""complete"", ""n_clusters"": 7}",ok,,,,7,1.0,7,63,0.31180509831092107,0.31307984397033006,1.0979850097321193,84.82285261755102,0.31307984397033006,True
679,behavior_age,behavior_age/robust/cat=0.5,Agglomerative,"{""linkage"": ""average"", ""n_clusters"": 7}",ok,,,,7,1.0,4,54,0.3839339187633156,0.383890052564292,0.8642513218914963,90.89756231178006,0.383890052564292,False
680,behavior_age,behavior_age/robust/cat=0.5,Spectral,"{""affinity"": ""nearest_neighbors"", ""n_clusters"": 7, ""n_neighbors"": 10}",ok,,,,7,1.0,20,39,0.40408007496225523,0.405867141216725,0.8042299822359787,126.62686961325356,0.405867141216725,True
681,behavior_age,behavior_age/robust/cat=0.5,Spectral,"{""affinity"": ""nearest_neighbors"", ""n_clusters"": 7, ""n_neighbors"": 20}",ok,,,,7,1.0,20,39,0.40519321511124995,0.4066016683278484,0.7978232035521428,128.1385358456514,0.4066016683278484,True
682,behavior_age,behavior_age/robust/cat=0.5,Birch,"{""n_clusters"": 7, ""threshold"": 0.2}",ok,,,,7,1.0,4,51,0.3862288248376106,0.3862749824570028,0.8975551619497354,108.41596202302678,0.3862749824570028,False
683,behavior_age,behavior_age/robust/cat=0.5,Birch,"{""n_clusters"": 7, ""threshold"": 0.5}",ok,,,,7,1.0,4,58,0.36802209732946495,0.3670374437600131,0.8191803661759679,94.9888981426257,0.3670374437600131,False
684,behavior_age,behavior_age/robust/cat=0.5,KMeans,"{""n_clusters"": 8}",ok,,,,8,1.0,13,39,0.40719005859639523,0.40933112335514965,0.8887002799065364,131.07859315802412,0.40933112335514965,True
685,behavior_age,behavior_age/robust/cat=0.5,GMM,"{""covariance_type"": ""full"", ""n_components"": 8}",ok,,1197.119874813808,936.5528028565133,8,1.0,2,50,0.3634862923086887,0.3647805973346776,0.9478589612673308,95.03294609809235,0.3647805973346776,False
686,behavior_age,behavior_age/robust/cat=0.5,GMM,"{""covariance_type"": ""tied"", ""n_components"": 8}",ok,,1150.092366184695,1028.0546236224177,8,1.0,4,49,0.4040118481929797,0.40521200096317117,0.809063371107668,115.9380068087773,0.40521200096317117,False
687,behavior_age,behavior_age/robust/cat=0.5,GMM,"{""covariance_type"": ""diag"", ""n_components"": 8}",ok,,1116.8026240890792,935.3951689289373,8,1.0,2,49,0.3613036746080287,0.36321573447722416,0.905194939162943,95.43295123489341,0.36321573447722416,False
688,behavior_age,behavior_age/robust/cat=0.5,GMM,"{""covariance_type"": ""spherical"", ""n_components"": 8}",ok,,1142.457645915558,1013.8232686201845,8,1.0,15,39,0.40015886175246096,0.4021215734970309,0.8838528134230398,126.99200553377096,0.4021215734970309,True
689,behavior_age,behavior_age/robust/cat=0.5,Agglomerative,"{""linkage"": ""ward"", ""n_clusters"": 8}",ok,,,,8,1.0,9,39,0.4213734204851876,0.4241278745477992,0.8046161403170922,124.39257363203701,0.4241278745477992,True
690,behavior_age,behavior_age/robust/cat=0.5,Agglomerative,"{""linkage"": ""complete"", ""n_clusters"": 8}",ok,,,,8,1.0,7,63,0.34005905450182866,0.34162870713697513,1.0121804085620383,93.62311105088925,0.34162870713697513,True
691,behavior_age,behavior_age/robust/cat=0.5,Agglomerative,"{""linkage"": ""average"", ""n_clusters"": 8}",ok,,,,8,1.0,4,54,0.373538302026746,0.375566879142718,0.8431266360794223,87.49720066508797,0.375566879142718,False
692,behavior_age,behavior_age/robust/cat=0.5,Spectral,"{""affinity"": ""nearest_neighbors"", ""n_clusters"": 8, ""n_neighbors"": 10}",ok,,,,8,1.0,15,33,0.3703922637390831,0.36946914859301244,0.9007404596381297,118.75144441628392,0.36946914859301244,True
693,behavior_age,behavior_age/robust/cat=0.5,Spectral,"{""affinity"": ""nearest_neighbors"", ""n_clusters"": 8, ""n_neighbors"": 20}",ok,,,,8,1.0,17,39,0.4005902071056587,0.4027967716931576,0.8810933211235609,124.08642279863464,0.4027967716931576,True
694,behavior_age,behavior_age/robust/cat=0.5,Birch,"{""n_clusters"": 8, ""threshold"": 0.2}",ok,,,,8,1.0,4,51,0.37324520375549824,0.37432108449404583,0.9207542807555598,104.57524428392468,0.37432108449404583,False
695,behavior_age,behavior_age/robust/cat=0.5,Birch,"{""n_clusters"": 8, ""threshold"": 0.5}",ok,,,,8,1.0,4,53,0.3495542658235232,0.35085819706439914,0.8753030593712117,89.40749373316801,0.35085819706439914,False
696,behavior_age,behavior_age/robust/cat=0.5,KMeans,"{""n_clusters"": 9}",ok,,,,9,1.0,10,39,0.4190487028173365,0.4216705265449019,0.8596448130458794,131.3818214129282,0.4216705265449019,True
697,behavior_age,behavior_age/robust/cat=0.5,GMM,"{""covariance_type"": ""full"", ""n_components"": 9}",ok,,1228.651983912355,935.1017382895798,9,1.0,2,47,0.3655451759108115,0.36658160450692917,0.9613700866897467,93.82731208705157,0.36658160450692917,False
698,behavior_age,behavior_age/robust/cat=0.5,GMM,"{""covariance_type"": ""tied"", ""n_components"": 9}",ok,,1154.7706761361846,1019.5396641077152,9,1.0,4,37,0.39556163651847337,0.39758945149494646,0.7820613267811699,122.3784508644761,0.39758945149494646,False
699,behavior_age,behavior_age/robust/cat=0.5,GMM,"{""covariance_type"": ""diag"", ""n_components"": 9}",ok,,1135.5522213763118,931.0565446503335,9,1.0,2,49,0.3807378563263255,0.3828150759704238,0.8147857486247759,99.6187405378427,0.3828150759704238,False
700,behavior_age,behavior_age/robust/cat=0.5,GMM,"{""covariance_type"": ""spherical"", ""n_components"": 9}",ok,,1112.661841938242,967.5358778101285,9,1.0,4,32,0.3883585318373254,0.3878104984605155,0.8007173805771463,121.53405932283398,0.3878104984605155,False
701,behavior_age,behavior_age/robust/cat=0.5,Agglomerative,"{""linkage"": ""ward"", ""n_clusters"": 9}",ok,,,,9,1.0,7,39,0.4068927548259024,0.4097320663095518,0.7833676260906475,125.8832201501141,0.4097320663095518,True
702,behavior_age,behavior_age/robust/cat=0.5,Agglomerative,"{""linkage"": ""complete"", ""n_clusters"": 9}",ok,,,,9,1.0,5,63,0.3414380658135899,0.3430569884777182,0.9227588536775381,88.85371675132832,0.3430569884777182,True
703,behavior_age,behavior_age/robust/cat=0.5,Agglomerative,"{""linkage"": ""average"", ""n_clusters"": 9}",ok,,,,9,1.0,4,54,0.40506975967179315,0.40685927643979275,0.7639409469521375,106.9660347125372,0.40685927643979275,False
704,behavior_age,behavior_age/robust/cat=0.5,Spectral,"{""affinity"": ""nearest_neighbors"", ""n_clusters"": 9, ""n_neighbors"": 10}",ok,,,,9,1.0,14,30,0.3742040823820427,0.373271862565436,0.9601387076791225,121.03124183558502,0.373271862565436,True
705,behavior_age,behavior_age/robust/cat=0.5,Spectral,"{""affinity"": ""nearest_neighbors"", ""n_clusters"": 9, ""n_neighbors"": 20}",ok,,,,9,1.0,17,32,0.36070184453813026,0.35940088333131603,0.9668764460542906,118.89549171156511,0.35940088333131603,True
706,behavior_age,behavior_age/robust/cat=0.5,Birch,"{""n_clusters"": 9, ""threshold"": 0.2}",ok,,,,9,1.0,4,39,0.3858397209031272,0.38739180576674204,0.8742045392449176,115.13643716058832,0.38739180576674204,False
707,behavior_age,behavior_age/robust/cat=0.5,Birch,"{""n_clusters"": 9, ""threshold"": 0.5}",ok,,,,9,1.0,4,53,0.3481255595591033,0.3483685817738879,0.8759298327321258,84.09449597744907,0.3483685817738879,False
708,behavior_age,behavior_age/robust/cat=0.5,KMeans,"{""n_clusters"": 10}",ok,,,,10,1.0,10,32,0.40137848108936053,0.4007767569667756,0.9013047653718624,133.56049959130783,0.4007767569667756,True
709,behavior_age,behavior_age/robust/cat=0.5,GMM,"{""covariance_type"": ""full"", ""n_components"": 10}",ok,,1256.6472217164537,930.1138024281981,10,1.0,2,47,0.34673063495040607,0.3459913304913221,0.9842387983712481,91.71315880119639,0.3459913304913221,False
710,behavior_age,behavior_age/robust/cat=0.5,GMM,"{""covariance_type"": ""tied"", ""n_components"": 10}",ok,,1136.8885047003912,988.4642232057295,10,1.0,4,35,0.4085711602208424,0.41034353638671434,0.7507878503743843,125.98658641556723,0.41034353638671434,False
711,behavior_age,behavior_age/robust/cat=0.5,GMM,"{""covariance_type"": ""diag"", ""n_components"": 10}",ok,,1151.9659184500365,924.3820201582221,10,1.0,2,49,0.34805028185782333,0.3477655859477349,0.894220081338087,97.46934081765971,0.3477655859477349,False
712,behavior_age,behavior_age/robust/cat=0.5,GMM,"{""covariance_type"": ""spherical"", ""n_components"": 10}",ok,,1116.176009932965,954.5584589721112,10,1.0,4,32,0.4041478030935836,0.404120387404412,0.7891547234905962,128.2498914696045,0.404120387404412,False
713,behavior_age,behavior_age/robust/cat=0.5,Agglomerative,"{""linkage"": ""ward"", ""n_clusters"": 10}",ok,,,,10,1.0,7,35,0.3733249640431804,0.373037973353453,0.8687600671668738,125.02922009307619,0.373037973353453,True
714,behavior_age,behavior_age/robust/cat=0.5,Agglomerative,"{""linkage"": ""complete"", ""n_clusters"": 10}",ok,,,,10,1.0,3,63,0.33299000451558153,0.3324317286440964,0.8825860606629078,85.32713312787526,0.3324317286440964,False
715,behavior_age,behavior_age/robust/cat=0.5,Agglomerative,"{""linkage"": ""average"", ""n_clusters"": 10}",ok,,,,10,1.0,4,54,0.3963785214207974,0.39544336024916205,0.763828882525162,105.33810662628237,0.39544336024916205,False
716,behavior_age,behavior_age/robust/cat=0.5,Spectral,"{""affinity"": ""nearest_neighbors"", ""n_clusters"": 10, ""n_neighbors"": 10}",ok,,,,10,1.0,13,31,0.3639640554100225,0.36304767870566,0.9822357223848194,121.88104586890171,0.36304767870566,True
717,behavior_age,behavior_age/robust/cat=0.5,Spectral,"{""affinity"": ""nearest_neighbors"", ""n_clusters"": 10, ""n_neighbors"": 20}",ok,,,,10,1.0,17,27,0.3495426126233491,0.3490235685447605,1.008443733285124,121.32298573345956,0.3490235685447605,True
718,behavior_age,behavior_age/robust/cat=0.5,Birch,"{""n_clusters"": 10, ""threshold"": 0.2}",ok,,,,10,1.0,2,39,0.3834236370864843,0.3848569536294879,0.846088517898097,109.89952755700205,0.3848569536294879,False
719,behavior_age,behavior_age/robust/cat=0.5,Birch,"{""n_clusters"": 10, ""threshold"": 0.5}",ok,,,,10,1.0,4,53,0.396003735932465,0.3960267654836198,0.7951483638996226,105.93259806567002,0.3960267654836198,False
720,behavior_age,behavior_age/robust/cat=0.5,DBSCAN,"{""eps"": 0.2534912923694852, ""min_samples"": 4}",ok,,,,8,0.545,4,27,0.4924475042927187,0.49166631414910666,0.7683270597333416,143.06844802994945,0.036666314149106705,False
721,behavior_age,behavior_age/robust/cat=0.5,DBSCAN,"{""eps"": 0.3228315216875005, ""min_samples"": 4}",ok,,,,8,0.75,4,52,0.47625684924548967,0.4784089066725409,0.6090301297524383,103.22496734608846,0.22840890667254088,False
722,behavior_age,behavior_age/robust/cat=0.5,DBSCAN,"{""eps"": 0.40423706980676083, ""min_samples"": 4}",ok,,,,3,0.895,4,140,0.20744933681109373,0.20563527219534125,0.9347221685133,32.451005202930276,0.10063527219534127,False
723,behavior_age,behavior_age/robust/cat=0.5,DBSCAN,"{""eps"": 0.47646491454681866, ""min_samples"": 4}",ok,,,,2,0.935,4,183,0.179904680906013,0.18654178739365457,0.7820852082578561,7.589580336403264,0.12154178739365462,False
724,behavior_age,behavior_age/robust/cat=0.5,DBSCAN,"{""eps"": 0.6054307946297792, ""min_samples"": 4}",ok,,,,1,0.99,198,198,,,,,-inf,False
725,behavior_age,behavior_age/robust/cat=0.5,DBSCAN,"{""eps"": 0.3520728082659092, ""min_samples"": 7}",ok,,,,5,0.65,7,48,0.5335970413970026,0.535734894518425,0.5900891012385749,145.5184281816604,0.18573489451842506,False
726,behavior_age,behavior_age/robust/cat=0.5,DBSCAN,"{""eps"": 0.43020348618729193, ""min_samples"": 7}",ok,,,,3,0.77,14,106,0.26760744921051705,0.26344413933712657,1.0296594991820667,43.425327157429926,0.03344413933712659,False
727,behavior_age,behavior_age/robust/cat=0.5,DBSCAN,"{""eps"": 0.5303829289294022, ""min_samples"": 7}",ok,,,,1,0.945,189,189,,,,,-inf,False
728,behavior_age,behavior_age/robust/cat=0.5,DBSCAN,"{""eps"": 0.6401084271933629, ""min_samples"": 7}",ok,,,,1,0.975,195,195,,,,,-inf,False
729,behavior_age,behavior_age/robust/cat=0.5,DBSCAN,"{""eps"": 0.7855478425737485, ""min_samples"": 7}",ok,,,,1,1.0,200,200,,,,,-inf,False
730,behavior_age,behavior_age/robust/cat=0.5,DBSCAN,"{""eps"": 0.42524164003282416, ""min_samples"": 10}",ok,,,,4,0.675,19,52,0.5221103212107513,0.5241385502485272,0.6375907221036564,165.14787995554107,0.19913855024852722,False
731,behavior_age,behavior_age/robust/cat=0.5,DBSCAN,"{""eps"": 0.4955166820863147, ""min_samples"": 10}",ok,,,,2,0.8,17,143,0.25421685747080663,0.25790960307447286,0.9566979845955121,32.68791455599477,0.057909603074472904,False
732,behavior_age,behavior_age/robust/cat=0.5,DBSCAN,"{""eps"": 0.6298577820707941, ""min_samples"": 10}",ok,,,,1,0.955,191,191,,,,,-inf,False
733,behavior_age,behavior_age/robust/cat=0.5,DBSCAN,"{""eps"": 0.7545173895250055, ""min_samples"": 10}",ok,,,,1,0.985,197,197,,,,,-inf,False
734,behavior_age,behavior_age/robust/cat=0.5,DBSCAN,"{""eps"": 0.8937272528162162, ""min_samples"": 10}",ok,,,,1,1.0,200,200,,,,,-inf,False
735,behavior_age,behavior_age/robust/cat=0.5,HDBSCAN,"{""cluster_selection_method"": ""eom"", ""min_cluster_size"": 5, ""min_samples"": 3}",ok,,,,9,0.755,5,37,0.4822705120290975,0.4826008784142722,0.7335806853699224,131.9491492530507,0.2376008784142722,False
736,behavior_age,behavior_age/robust/cat=0.5,HDBSCAN,"{""cluster_selection_method"": ""leaf"", ""min_cluster_size"": 5, ""min_samples"": 3}",ok,,,,13,0.575,5,17,0.4432638340896149,0.44113960999538593,0.7891862968109494,142.5431041820655,0.016139609995385884,False
737,behavior_age,behavior_age/robust/cat=0.5,HDBSCAN,"{""cluster_selection_method"": ""eom"", ""min_cluster_size"": 5, ""min_samples"": 5}",ok,,,,7,0.61,6,34,0.5419165225582193,0.5419772999450292,0.7025054995115226,169.46359707465405,0.15197729994502918,False
738,behavior_age,behavior_age/robust/cat=0.5,HDBSCAN,"{""cluster_selection_method"": ""leaf"", ""min_cluster_size"": 5, ""min_samples"": 5}",ok,,,,8,0.495,5,25,0.5145537891875872,0.5158958605857047,0.6887589389005349,150.46560441066774,0.010895860585704686,False
739,behavior_age,behavior_age/robust/cat=0.5,HDBSCAN,"{""cluster_selection_method"": ""eom"", ""min_cluster_size"": 5, ""min_samples"": 10}",ok,,,,5,0.465,6,34,0.5966115844532559,0.5971879607865941,0.527070582192394,140.7372506939756,0.062187960786594165,False
740,behavior_age,behavior_age/robust/cat=0.5,HDBSCAN,"{""cluster_selection_method"": ""leaf"", ""min_cluster_size"": 5, ""min_samples"": 10}",ok,,,,5,0.465,6,34,0.5966115844532559,0.5971879607865941,0.527070582192394,140.7372506939756,0.062187960786594165,False
741,behavior_age,behavior_age/robust/cat=0.5,HDBSCAN,"{""cluster_selection_method"": ""eom"", ""min_cluster_size"": 10, ""min_samples"": 3}",ok,,,,6,0.715,13,37,0.507527220865163,0.5102976057477553,0.6745936078370645,176.10889202067193,0.22529760574775526,False
742,behavior_age,behavior_age/robust/cat=0.5,HDBSCAN,"{""cluster_selection_method"": ""leaf"", ""min_cluster_size"": 10, ""min_samples"": 3}",ok,,,,6,0.715,13,37,0.507527220865163,0.5102976057477553,0.6745936078370645,176.10889202067193,0.22529760574775526,False
743,behavior_age,behavior_age/robust/cat=0.5,HDBSCAN,"{""cluster_selection_method"": ""eom"", ""min_cluster_size"": 10, ""min_samples"": 5}",ok,,,,6,0.62,10,34,0.5551530576083186,0.5573704211723426,0.6171100955709449,197.59763871785674,0.17737042117234258,False
744,behavior_age,behavior_age/robust/cat=0.5,HDBSCAN,"{""cluster_selection_method"": ""leaf"", ""min_cluster_size"": 10, ""min_samples"": 5}",ok,,,,6,0.62,10,34,0.5551530576083186,0.5573704211723426,0.6171100955709449,197.59763871785674,0.17737042117234258,False
745,behavior_age,behavior_age/robust/cat=0.5,HDBSCAN,"{""cluster_selection_method"": ""eom"", ""min_cluster_size"": 10, ""min_samples"": 10}",ok,,,,4,0.435,10,34,0.6305960557439884,0.6322725102855639,0.4763033190161475,162.98833109112272,0.06727251028556391,False
746,behavior_age,behavior_age/robust/cat=0.5,HDBSCAN,"{""cluster_selection_method"": ""leaf"", ""min_cluster_size"": 10, ""min_samples"": 10}",ok,,,,4,0.435,10,34,0.6305960557439884,0.6322725102855639,0.4763033190161475,162.98833109112272,0.06727251028556391,False
747,behavior_age,behavior_age/robust/cat=0.5,HDBSCAN,"{""cluster_selection_method"": ""eom"", ""min_cluster_size"": 15, ""min_samples"": 3}",ok,,,,5,0.65,17,37,0.5019684586318637,0.5049521154250338,0.6902534506286375,183.83259685669233,0.15495211542503384,False
748,behavior_age,behavior_age/robust/cat=0.5,HDBSCAN,"{""cluster_selection_method"": ""leaf"", ""min_cluster_size"": 15, ""min_samples"": 3}",ok,,,,5,0.65,17,37,0.5019684586318637,0.5049521154250338,0.6902534506286375,183.83259685669233,0.15495211542503384,False
749,behavior_age,behavior_age/robust/cat=0.5,HDBSCAN,"{""cluster_selection_method"": ""eom"", ""min_cluster_size"": 15, ""min_samples"": 5}",ok,,,,2,0.79,34,124,0.2820331793460333,0.2815174198409412,1.0223673031891043,52.211400147601964,0.07151741984094123,False
750,behavior_age,behavior_age/robust/cat=0.5,HDBSCAN,"{""cluster_selection_method"": ""leaf"", ""min_cluster_size"": 15, ""min_samples"": 5}",ok,,,,4,0.5,18,34,0.5411521275717296,0.544206224863381,0.6650835207176248,205.0767480644041,0.044206224863380994,False
751,behavior_age,behavior_age/robust/cat=0.5,HDBSCAN,"{""cluster_selection_method"": ""eom"", ""min_cluster_size"": 15, ""min_samples"": 10}",ok,,,,3,0.385,18,34,0.6208447098982722,0.6230801804125029,0.4999779742244294,172.24040984172635,0.008080180412502913,False
752,behavior_age,behavior_age/robust/cat=0.5,HDBSCAN,"{""cluster_selection_method"": ""leaf"", ""min_cluster_size"": 15, ""min_samples"": 10}",ok,,,,3,0.385,18,34,0.6208447098982722,0.6230801804125029,0.4999779742244294,172.24040984172635,0.008080180412502913,False
753,behavior_age,behavior_age/robust/cat=0.5,HDBSCAN,"{""cluster_selection_method"": ""eom"", ""min_cluster_size"": 20, ""min_samples"": 3}",ok,,,,2,0.9,37,143,0.2733786354517317,0.2734097544240554,1.03920213492554,57.762464948389905,0.17340975442405543,True
754,behavior_age,behavior_age/robust/cat=0.5,HDBSCAN,"{""cluster_selection_method"": ""leaf"", ""min_cluster_size"": 20, ""min_samples"": 3}",ok,,,,4,0.565,21,37,0.49928112434355243,0.5028350578281517,0.7007156573915204,179.34375916008648,0.06783505782815169,False
755,behavior_age,behavior_age/robust/cat=0.5,HDBSCAN,"{""cluster_selection_method"": ""eom"", ""min_cluster_size"": 20, ""min_samples"": 5}",ok,,,,2,0.79,34,124,0.2820331793460333,0.2815174198409412,1.0223673031891043,52.211400147601964,0.07151741984094123,False
756,behavior_age,behavior_age/robust/cat=0.5,HDBSCAN,"{""cluster_selection_method"": ""leaf"", ""min_cluster_size"": 20, ""min_samples"": 5}",ok,,,,3,0.54,25,49,0.5532767442486787,0.5551000017788152,0.5808914941682852,172.55729102799057,0.09510000177881528,False
757,behavior_age,behavior_age/robust/cat=0.5,HDBSCAN,"{""cluster_selection_method"": ""eom"", ""min_cluster_size"": 20, ""min_samples"": 10}",ok,,,,2,0.51,25,77,0.3103040730837948,0.30862383325241977,1.037376027288178,35.21619489955233,-0.18137616674758023,False
758,behavior_age,behavior_age/robust/cat=0.5,HDBSCAN,"{""cluster_selection_method"": ""leaf"", ""min_cluster_size"": 20, ""min_samples"": 10}",ok,,,,2,0.51,25,77,0.3103040730837948,0.30862383325241977,1.037376027288178,35.21619489955233,-0.18137616674758023,False
759,behavior_age,behavior_age/robust/cat=0.5,OPTICS,"{""min_cluster_size"": 0.05, ""min_samples"": 5, ""xi"": 0.03}",ok,,,,6,0.49,11,23,0.6144864047854156,0.6145768443499547,0.5164607867966645,210.31037597977044,0.10457684434995473,False
760,behavior_age,behavior_age/robust/cat=0.5,OPTICS,"{""min_cluster_size"": 0.05, ""min_samples"": 5, ""xi"": 0.05}",ok,,,,5,0.395,11,19,0.6337472196226762,0.6334460735730806,0.5065771621338426,224.024768054929,0.0284460735730806,False
761,behavior_age,behavior_age/robust/cat=0.5,OPTICS,"{""min_cluster_size"": 0.05, ""min_samples"": 5, ""xi"": 0.1}",ok,,,,4,0.35,11,22,0.6006458638601927,0.6031211560411291,0.5770562693115928,217.71731414453023,-0.046878843958870875,False
762,behavior_age,behavior_age/robust/cat=0.5,OPTICS,"{""min_cluster_size"": 0.05, ""min_samples"": 10, ""xi"": 0.03}",ok,,,,6,0.725,13,34,0.4991084205755393,0.5013265780585491,0.6789801336429413,176.24097024189766,0.22632657805854905,False
763,behavior_age,behavior_age/robust/cat=0.5,OPTICS,"{""min_cluster_size"": 0.05, ""min_samples"": 10, ""xi"": 0.05}",ok,,,,5,0.56,13,34,0.5658646383656696,0.5681230462797131,0.591568336614014,154.46555174879333,0.12812304627971316,False
764,behavior_age,behavior_age/robust/cat=0.5,OPTICS,"{""min_cluster_size"": 0.05, ""min_samples"": 10, ""xi"": 0.1}",ok,,,,2,0.17,13,21,0.6410135621464793,0.6386290593330779,0.5091485680429774,100.30214024904897,-0.19137094066692206,False
765,behavior_age,behavior_age/minmax/cat=0.5,KMeans,"{""n_clusters"": 2}",ok,,,,2,1.0,97,103,0.3652498066402899,0.33547192894004574,1.2606822880201844,107.09556673899093,0.33547192894004574,True
766,behavior_age,behavior_age/minmax/cat=0.5,GMM,"{""covariance_type"": ""full"", ""n_components"": 2}",ok,,-19.591892693237853,-82.25992265765055,2,1.0,90,110,0.3572782112339244,0.32878810196300934,1.2646476970205431,104.89717432742515,0.32878810196300934,True
767,behavior_age,behavior_age/minmax/cat=0.5,GMM,"{""covariance_type"": ""tied"", ""n_components"": 2}",ok,,22.016924666791297,-20.86120109833317,2,1.0,97,103,0.3652498066402899,0.33547192894004574,1.2606822880201844,107.09556673899093,0.33547192894004574,True
768,behavior_age,behavior_age/minmax/cat=0.5,GMM,"{""covariance_type"": ""diag"", ""n_components"": 2}",ok,,-4.49204460351406,-47.370170368638526,2,1.0,75,125,0.31549865049753917,0.29248148700341137,1.327933954049323,87.6073010265716,0.29248148700341137,True
769,behavior_age,behavior_age/minmax/cat=0.5,GMM,"{""covariance_type"": ""spherical"", ""n_components"": 2}",ok,,21.77488843341003,-7.909967865522294,2,1.0,96,104,0.364222779066379,0.33465797889497234,1.2604438915296423,106.87967418304315,0.33465797889497234,True
770,behavior_age,behavior_age/minmax/cat=0.5,Agglomerative,"{""linkage"": ""ward"", ""n_clusters"": 2}",ok,,,,2,1.0,84,116,0.33752602297520423,0.310291275114948,1.3196718629015662,93.29227090352995,0.310291275114948,True
771,behavior_age,behavior_age/minmax/cat=0.5,Agglomerative,"{""linkage"": ""complete"", ""n_clusters"": 2}",ok,,,,2,1.0,58,142,0.21134447214600321,0.2386337868306024,1.634090912488086,51.15882317885535,0.2386337868306024,True
772,behavior_age,behavior_age/minmax/cat=0.5,Agglomerative,"{""linkage"": ""average"", ""n_clusters"": 2}",ok,,,,2,1.0,91,109,0.3531384687516505,0.3249364218857763,1.2772508702234826,102.85657593430113,0.3249364218857763,True
773,behavior_age,behavior_age/minmax/cat=0.5,Spectral,"{""affinity"": ""nearest_neighbors"", ""n_clusters"": 2, ""n_neighbors"": 10}",ok,,,,2,1.0,39,161,0.23831427522698637,0.24919227711981207,1.0903021769026107,55.59097301888128,0.24919227711981207,True
774,behavior_age,behavior_age/minmax/cat=0.5,Spectral,"{""affinity"": ""nearest_neighbors"", ""n_clusters"": 2, ""n_neighbors"": 20}",ok,,,,2,1.0,40,160,0.23364054813136176,0.244400733538551,1.113100644123658,55.117773353449905,0.244400733538551,True
775,behavior_age,behavior_age/minmax/cat=0.5,Birch,"{""n_clusters"": 2, ""threshold"": 0.2}",ok,,,,2,1.0,97,103,0.35556294491831175,0.32702555428386604,1.2866645130795056,102.81725964617533,0.32702555428386604,True
776,behavior_age,behavior_age/minmax/cat=0.5,Birch,"{""n_clusters"": 2, ""threshold"": 0.5}",ok,Number of subclusters found (1) by BIRCH is less than (2). Decrease the threshold.,,,1,1.0,200,200,,,,,-inf,False
777,behavior_age,behavior_age/minmax/cat=0.5,KMeans,"{""n_clusters"": 3}",ok,,,,3,1.0,39,94,0.36504262943838,0.35101716813867545,1.0437188582475025,99.83577144930565,0.35101716813867545,True
778,behavior_age,behavior_age/minmax/cat=0.5,GMM,"{""covariance_type"": ""full"", ""n_components"": 3}",ok,,-52.66113785235771,-148.31234148225076,3,1.0,35,91,0.3492988161813095,0.3405583328635175,1.085843734165669,96.41679917151232,0.3405583328635175,True
779,behavior_age,behavior_age/minmax/cat=0.5,GMM,"{""covariance_type"": ""tied"", ""n_components"": 3}",ok,,1.4313243743267776,-54.64007085698984,3,1.0,30,97,0.3630599016800363,0.34505746490798134,1.0405539413898195,95.5129810887764,0.34505746490798134,True
780,behavior_age,behavior_age/minmax/cat=0.5,GMM,"{""covariance_type"": ""diag"", ""n_components"": 3}",ok,,-114.28456131412571,-180.25090864508644,3,1.0,61,77,0.21784286202770203,0.20306292241882132,1.90991222385969,55.58090881213725,0.20306292241882132,True
781,behavior_age,behavior_age/minmax/cat=0.5,GMM,"{""covariance_type"": ""spherical"", ""n_components"": 3}",ok,,-26.664248015315508,-72.84069114698802,3,1.0,39,109,0.3521440152539703,0.34531392944740236,0.9840293805589445,95.89083075062496,0.34531392944740236,True
782,behavior_age,behavior_age/minmax/cat=0.5,Agglomerative,"{""linkage"": ""ward"", ""n_clusters"": 3}",ok,,,,3,1.0,39,84,0.3409532813833087,0.3381616702907165,1.0904955924422104,97.60461484692743,0.3381616702907165,True
783,behavior_age,behavior_age/minmax/cat=0.5,Agglomerative,"{""linkage"": ""complete"", ""n_clusters"": 3}",ok,,,,3,1.0,58,73,0.3089912699930199,0.31276366874588746,1.2567613145636736,88.91452778589309,0.31276366874588746,True
784,behavior_age,behavior_age/minmax/cat=0.5,Agglomerative,"{""linkage"": ""average"", ""n_clusters"": 3}",ok,,,,3,1.0,35,91,0.34850011151884597,0.33996187294272745,1.0913265285747318,95.81444786384594,0.33996187294272745,True
785,behavior_age,behavior_age/minmax/cat=0.5,Spectral,"{""affinity"": ""nearest_neighbors"", ""n_clusters"": 3, ""n_neighbors"": 10}",ok,,,,3,1.0,39,101,0.36084151943140924,0.3536695120802024,1.0049047659222425,100.2635602874607,0.3536695120802024,True
786,behavior_age,behavior_age/minmax/cat=0.5,Spectral,"{""affinity"": ""nearest_neighbors"", ""n_clusters"": 3, ""n_neighbors"": 20}",ok,,,,3,1.0,39,99,0.3649042943068266,0.35689615560535715,1.0245491473035264,100.6130729078707,0.35689615560535715,True
787,behavior_age,behavior_age/minmax/cat=0.5,Birch,"{""n_clusters"": 3, ""threshold"": 0.2}",ok,,,,3,1.0,31,97,0.3567954519159429,0.3426782760002443,1.053835473422189,94.4828508362076,0.3426782760002443,True
788,behavior_age,behavior_age/minmax/cat=0.5,Birch,"{""n_clusters"": 3, ""threshold"": 0.5}",ok,Number of subclusters found (1) by BIRCH is less than (3). Decrease the threshold.,,,1,1.0,200,200,,,,,-inf,False
789,behavior_age,behavior_age/minmax/cat=0.5,KMeans,"{""n_clusters"": 4}",ok,,,,4,1.0,38,65,0.39231920205572196,0.4039582785148566,0.9307956868103671,125.67639662405028,0.4039582785148566,True
790,behavior_age,behavior_age/minmax/cat=0.5,GMM,"{""covariance_type"": ""full"", ""n_components"": 4}",ok,,-95.20886588385773,-223.84324317923114,4,1.0,25,83,0.2631309625434476,0.26412144417877204,1.3851533395818567,62.7598149324582,0.26412144417877204,True
791,behavior_age,behavior_age/minmax/cat=0.5,GMM,"{""covariance_type"": ""tied"", ""n_components"": 4}",ok,,-0.9277960405219261,-70.19246073803069,4,1.0,30,70,0.38783877572857134,0.39502387188323623,0.9256053455547247,120.63712115704357,0.39502387188323623,True
792,behavior_age,behavior_age/minmax/cat=0.5,GMM,"{""covariance_type"": ""diag"", ""n_components"": 4}",ok,,-149.91031866744953,-238.9648875642465,4,1.0,25,77,0.2758345758103697,0.28305195332448907,1.4732372149814041,67.04372284320257,0.28305195332448907,True
793,behavior_age,behavior_age/minmax/cat=0.5,GMM,"{""covariance_type"": ""spherical"", ""n_components"": 4}",ok,,-35.243279162429374,-97.91130912684207,4,1.0,39,60,0.38492707031675294,0.38858982238491824,1.004620762288367,115.75133078450332,0.38858982238491824,True
794,behavior_age,behavior_age/minmax/cat=0.5,Agglomerative,"{""linkage"": ""ward"", ""n_clusters"": 4}",ok,,,,4,1.0,28,77,0.3652325990107205,0.3741713795004095,0.9343275771316518,110.53536118441008,0.3741713795004095,True
795,behavior_age,behavior_age/minmax/cat=0.5,Agglomerative,"{""linkage"": ""complete"", ""n_clusters"": 4}",ok,,,,4,1.0,19,73,0.35526579085814947,0.35489660847917776,0.949499226821176,105.49734002146752,0.35489660847917776,True
796,behavior_age,behavior_age/minmax/cat=0.5,Agglomerative,"{""linkage"": ""average"", ""n_clusters"": 4}",ok,,,,4,1.0,20,91,0.357611067881969,0.3430234891665963,0.9774914634783355,85.63687808483118,0.3430234891665963,True
797,behavior_age,behavior_age/minmax/cat=0.5,Spectral,"{""affinity"": ""nearest_neighbors"", ""n_clusters"": 4, ""n_neighbors"": 10}",ok,,,,4,1.0,37,65,0.3895077338302862,0.4021525558117955,0.9395499802217447,123.94235816469556,0.4021525558117955,True
798,behavior_age,behavior_age/minmax/cat=0.5,Spectral,"{""affinity"": ""nearest_neighbors"", ""n_clusters"": 4, ""n_neighbors"": 20}",ok,,,,4,1.0,40,62,0.3692114963402337,0.38234005196857396,0.9777706506583228,114.57907737285306,0.38234005196857396,True
799,behavior_age,behavior_age/minmax/cat=0.5,Birch,"{""n_clusters"": 4, ""threshold"": 0.2}",ok,,,,4,1.0,4,97,0.31526845015506494,0.29961185305786975,0.9355389348081408,67.36196588442176,0.29961185305786975,False
800,behavior_age,behavior_age/minmax/cat=0.5,Birch,"{""n_clusters"": 4, ""threshold"": 0.5}",ok,Number of subclusters found (1) by BIRCH is less than (4). Decrease the threshold.,,,1,1.0,200,200,,,,,-inf,False
801,behavior_age,behavior_age/minmax/cat=0.5,KMeans,"{""n_clusters"": 5}",ok,,,,5,1.0,23,58,0.40611743307078174,0.41012227326363,0.8742884976477778,123.87356143625072,0.41012227326363,True
802,behavior_age,behavior_age/minmax/cat=0.5,GMM,"{""covariance_type"": ""full"", ""n_components"": 5}",ok,,-99.82453354511239,-261.4420845059662,5,1.0,23,53,0.3940540978840144,0.4063670087334304,0.9355987334508511,116.90093123349071,0.4063670087334304,True
803,behavior_age,behavior_age/minmax/cat=0.5,GMM,"{""covariance_type"": ""tied"", ""n_components"": 5}",ok,,-32.529202932917826,-114.98713709661874,5,1.0,20,53,0.40739300700942954,0.4186464160232701,0.8840568481154649,124.28588436040498,0.4186464160232701,True
804,behavior_age,behavior_age/minmax/cat=0.5,GMM,"{""covariance_type"": ""diag"", ""n_components"": 5}",ok,,-154.81353592543337,-266.9563263880666,5,1.0,22,78,0.3203566696273096,0.34310324546298837,1.1405099267021088,81.44044612628663,0.34310324546298837,True
805,behavior_age,behavior_age/minmax/cat=0.5,GMM,"{""covariance_type"": ""spherical"", ""n_components"": 5}",ok,,-53.78593585782795,-132.94555265498082,5,1.0,17,58,0.3462217015588156,0.34503396023366517,0.9925786707980967,107.00933386833226,0.34503396023366517,True
806,behavior_age,behavior_age/minmax/cat=0.5,Agglomerative,"{""linkage"": ""ward"", ""n_clusters"": 5}",ok,,,,5,1.0,21,56,0.3955454334726547,0.3963778460201796,0.8937576054346703,119.72788701476442,0.3963778460201796,True
807,behavior_age,behavior_age/minmax/cat=0.5,Agglomerative,"{""linkage"": ""complete"", ""n_clusters"": 5}",ok,,,,5,1.0,18,73,0.3614137523023875,0.35228683140142764,0.9164426292683165,102.96459470652744,0.35228683140142764,True
808,behavior_age,behavior_age/minmax/cat=0.5,Agglomerative,"{""linkage"": ""average"", ""n_clusters"": 5}",ok,,,,5,1.0,20,54,0.3982883494848387,0.40956924875250705,0.9202868175797428,116.48239037075767,0.40956924875250705,True
809,behavior_age,behavior_age/minmax/cat=0.5,Spectral,"{""affinity"": ""nearest_neighbors"", ""n_clusters"": 5, ""n_neighbors"": 10}",ok,,,,5,1.0,23,77,0.3215704289793473,0.3317932462813104,1.0023707546243528,96.0791670124281,0.3317932462813104,True
810,behavior_age,behavior_age/minmax/cat=0.5,Spectral,"{""affinity"": ""nearest_neighbors"", ""n_clusters"": 5, ""n_neighbors"": 20}",ok,,,,5,1.0,23,58,0.4035092195678571,0.40864182436965973,0.8821891307748585,123.38818686266562,0.40864182436965973,True
811,behavior_age,behavior_age/minmax/cat=0.5,Birch,"{""n_clusters"": 5, ""threshold"": 0.2}",ok,,,,5,1.0,4,72,0.3653384468373876,0.37429724823824656,0.8534950191624112,97.72738912214162,0.37429724823824656,False
812,behavior_age,behavior_age/minmax/cat=0.5,Birch,"{""n_clusters"": 5, ""threshold"": 0.5}",ok,Number of subclusters found (1) by BIRCH is less than (5). Decrease the threshold.,,,1,1.0,200,200,,,,,-inf,False
813,behavior_age,behavior_age/minmax/cat=0.5,KMeans,"{""n_clusters"": 6}",ok,,,,6,1.0,19,45,0.4234860620777653,0.429349250175091,0.8357280178824272,132.47909948489786,0.429349250175091,True
814,behavior_age,behavior_age/minmax/cat=0.5,GMM,"{""covariance_type"": ""full"", ""n_components"": 6}",ok,,-77.28423053977127,-271.88495516610544,6,1.0,20,53,0.40138627332414095,0.4099580061064574,0.8525896564091028,121.66975943326744,0.4099580061064574,True
815,behavior_age,behavior_age/minmax/cat=0.5,GMM,"{""covariance_type"": ""tied"", ""n_components"": 6}",ok,,-90.55139716848291,-186.20260079837595,6,1.0,17,49,0.42119586648468016,0.4235138424511434,0.8232164612682492,130.12192445812397,0.4235138424511434,True
816,behavior_age,behavior_age/minmax/cat=0.5,GMM,"{""covariance_type"": ""diag"", ""n_components"": 6}",ok,,-143.23490985882103,-278.4659218872905,6,1.0,19,59,0.3592520775528905,0.3708056208912512,0.8807207976176913,104.78954995520289,0.3708056208912512,True
817,behavior_age,behavior_age/minmax/cat=0.5,GMM,"{""covariance_type"": ""spherical"", ""n_components"": 6}",ok,,-78.76632068574645,-174.4175243156395,6,1.0,21,51,0.3490112066777921,0.3484799750012401,1.0490425225772073,98.47830934296073,0.3484799750012401,True
818,behavior_age,behavior_age/minmax/cat=0.5,Agglomerative,"{""linkage"": ""ward"", ""n_clusters"": 6}",ok,,,,6,1.0,9,56,0.3982651406330169,0.3989114282322035,0.8289379003628875,117.11830351697925,0.3989114282322035,True
819,behavior_age,behavior_age/minmax/cat=0.5,Agglomerative,"{""linkage"": ""complete"", ""n_clusters"": 6}",ok,,,,6,1.0,3,73,0.34659471180506674,0.3348217081116278,0.8483428788603479,89.99118666981965,0.3348217081116278,False
820,behavior_age,behavior_age/minmax/cat=0.5,Agglomerative,"{""linkage"": ""average"", ""n_clusters"": 6}",ok,,,,6,1.0,4,54,0.3813823424889786,0.38957308601543233,0.8646021346720328,102.03702529233979,0.38957308601543233,False
821,behavior_age,behavior_age/minmax/cat=0.5,Spectral,"{""affinity"": ""nearest_neighbors"", ""n_clusters"": 6, ""n_neighbors"": 10}",ok,,,,6,1.0,22,51,0.3722445611297466,0.3712613822714794,0.899403777914289,115.45196470301842,0.3712613822714794,True
822,behavior_age,behavior_age/minmax/cat=0.5,Spectral,"{""affinity"": ""nearest_neighbors"", ""n_clusters"": 6, ""n_neighbors"": 20}",ok,,,,6,1.0,21,50,0.3780266505970491,0.3761677750905693,0.899817406543732,117.73684735051104,0.3761677750905693,True
823,behavior_age,behavior_age/minmax/cat=0.5,Birch,"{""n_clusters"": 6, ""threshold"": 0.2}",ok,,,,6,1.0,4,72,0.38616731660216475,0.3854898411492515,0.813286125078275,101.96753976046946,0.3854898411492515,False
824,behavior_age,behavior_age/minmax/cat=0.5,Birch,"{""n_clusters"": 6, ""threshold"": 0.5}",ok,Number of subclusters found (1) by BIRCH is less than (6). Decrease the threshold.,,,1,1.0,200,200,,,,,-inf,False
825,behavior_age,behavior_age/minmax/cat=0.5,KMeans,"{""n_clusters"": 7}",ok,,,,7,1.0,18,39,0.4249324214140715,0.42197139689831104,0.7981263606040684,130.60349144260684,0.42197139689831104,True
826,behavior_age,behavior_age/minmax/cat=0.5,GMM,"{""covariance_type"": ""full"", ""n_components"": 7}",ok,,-54.925034067728234,-282.5089323595427,7,1.0,13,40,0.3906794308905417,0.39385994790314727,0.8076681836136272,120.48059485234188,0.39385994790314727,True
827,behavior_age,behavior_age/minmax/cat=0.5,GMM,"{""covariance_type"": ""tied"", ""n_components"": 7}",ok,,-87.08999204407547,-195.93446514016068,7,1.0,5,50,0.4132879964853792,0.4104777824233395,0.8103131915555339,120.50893101603518,0.4104777824233395,True
828,behavior_age,behavior_age/minmax/cat=0.5,GMM,"{""covariance_type"": ""diag"", ""n_components"": 7}",ok,,-128.30063166544858,-286.6198652597543,7,1.0,4,49,0.40621572692420044,0.41374337198610944,0.8551912216613936,113.55937310299048,0.41374337198610944,False
829,behavior_age,behavior_age/minmax/cat=0.5,GMM,"{""covariance_type"": ""spherical"", ""n_components"": 7}",ok,,-116.41262743380355,-228.55541789643678,7,1.0,19,39,0.4009954596351429,0.40071689807810523,0.7906696785777693,125.24892192104781,0.40071689807810523,True
830,behavior_age,behavior_age/minmax/cat=0.5,Agglomerative,"{""linkage"": ""ward"", ""n_clusters"": 7}",ok,,,,7,1.0,9,47,0.40553945327886143,0.404459775186678,0.918805439485455,119.4056564190678,0.404459775186678,True
831,behavior_age,behavior_age/minmax/cat=0.5,Agglomerative,"{""linkage"": ""complete"", ""n_clusters"": 7}",ok,,,,7,1.0,3,48,0.35806781287515405,0.35078163792655603,1.0652670776083655,95.23473339858762,0.35078163792655603,False
832,behavior_age,behavior_age/minmax/cat=0.5,Agglomerative,"{""linkage"": ""average"", ""n_clusters"": 7}",ok,,,,7,1.0,4,54,0.37683229070088925,0.38004372171306033,0.838931775846673,95.08598106263571,0.38004372171306033,False
833,behavior_age,behavior_age/minmax/cat=0.5,Spectral,"{""affinity"": ""nearest_neighbors"", ""n_clusters"": 7, ""n_neighbors"": 10}",ok,,,,7,1.0,19,39,0.40875092616756237,0.411226116377353,0.7984041866034884,128.20123955607207,0.411226116377353,True
834,behavior_age,behavior_age/minmax/cat=0.5,Spectral,"{""affinity"": ""nearest_neighbors"", ""n_clusters"": 7, ""n_neighbors"": 20}",ok,,,,7,1.0,20,39,0.4040742298784181,0.4065949817028471,0.7990404004271036,127.52810621802308,0.4065949817028471,True
835,behavior_age,behavior_age/minmax/cat=0.5,Birch,"{""n_clusters"": 7, ""threshold"": 0.2}",ok,,,,7,1.0,4,43,0.3773639088308301,0.3663677719495452,0.9619819357165467,106.42053528311995,0.3663677719495452,False
836,behavior_age,behavior_age/minmax/cat=0.5,Birch,"{""n_clusters"": 7, ""threshold"": 0.5}",ok,Number of subclusters found (1) by BIRCH is less than (7). Decrease the threshold.,,,1,1.0,200,200,,,,,-inf,False
837,behavior_age,behavior_age/minmax/cat=0.5,KMeans,"{""n_clusters"": 8}",ok,,,,8,1.0,14,39,0.41593491307584257,0.4094326358383826,0.8898310979116317,130.59697171940314,0.4094326358383826,True
838,behavior_age,behavior_age/minmax/cat=0.5,GMM,"{""covariance_type"": ""full"", ""n_components"": 8}",ok,,-30.838112521629284,-291.4051844789241,8,1.0,13,40,0.3614425447022467,0.36493944961102015,1.0574556688074712,109.87678219397414,0.36493944961102015,True
839,behavior_age,behavior_age/minmax/cat=0.5,GMM,"{""covariance_type"": ""tied"", ""n_components"": 8}",ok,,-87.52796114187362,-209.56570370415096,8,1.0,4,51,0.3994700026088169,0.41093556678181625,0.7963611929671414,113.17406721622598,0.41093556678181625,False
840,behavior_age,behavior_age/minmax/cat=0.5,GMM,"{""covariance_type"": ""diag"", ""n_components"": 8}",ok,,-110.56841901110278,-291.97587417124475,8,1.0,7,49,0.3433906227537389,0.36004508412428904,0.945613093539154,110.54777872602982,0.36004508412428904,True
841,behavior_age,behavior_age/minmax/cat=0.5,GMM,"{""covariance_type"": ""spherical"", ""n_components"": 8}",ok,,-115.83329499878536,-244.46767229415877,8,1.0,4,37,0.38604088419977045,0.3938269766397527,0.7710932221740451,116.75066733288183,0.3938269766397527,False
842,behavior_age,behavior_age/minmax/cat=0.5,Agglomerative,"{""linkage"": ""ward"", ""n_clusters"": 8}",ok,,,,8,1.0,9,39,0.39270756631134796,0.387386104824824,0.9376775741843378,117.53812832400858,0.387386104824824,True
843,behavior_age,behavior_age/minmax/cat=0.5,Agglomerative,"{""linkage"": ""complete"", ""n_clusters"": 8}",ok,,,,8,1.0,3,48,0.3756906573245891,0.3761293395585764,0.937044138023374,108.2054058065186,0.3761293395585764,False
844,behavior_age,behavior_age/minmax/cat=0.5,Agglomerative,"{""linkage"": ""average"", ""n_clusters"": 8}",ok,,,,8,1.0,4,54,0.4041660689741666,0.4071382024187049,0.7593023500746252,111.10782685832494,0.4071382024187049,False
845,behavior_age,behavior_age/minmax/cat=0.5,Spectral,"{""affinity"": ""nearest_neighbors"", ""n_clusters"": 8, ""n_neighbors"": 10}",ok,,,,8,1.0,13,32,0.34974475151772283,0.34751135129437827,1.1473131390231548,96.1593174387504,0.34751135129437827,True
846,behavior_age,behavior_age/minmax/cat=0.5,Spectral,"{""affinity"": ""nearest_neighbors"", ""n_clusters"": 8, ""n_neighbors"": 20}",ok,,,,8,1.0,16,39,0.4044465053516009,0.4015527026849695,0.8956745032977929,123.95546720411417,0.4015527026849695,True
847,behavior_age,behavior_age/minmax/cat=0.5,Birch,"{""n_clusters"": 8, ""threshold"": 0.2}",ok,,,,8,1.0,4,43,0.3914132864047015,0.3790852985602166,0.8506457000599944,108.15735814589402,0.3790852985602166,False
848,behavior_age,behavior_age/minmax/cat=0.5,Birch,"{""n_clusters"": 8, ""threshold"": 0.5}",ok,Number of subclusters found (1) by BIRCH is less than (8). Decrease the threshold.,,,1,1.0,200,200,,,,,-inf,False
849,behavior_age,behavior_age/minmax/cat=0.5,KMeans,"{""n_clusters"": 9}",ok,,,,9,1.0,10,39,0.4282144141108576,0.41930490910782553,0.8659151884755892,130.28785272334932,0.41930490910782553,True
850,behavior_age,behavior_age/minmax/cat=0.5,GMM,"{""covariance_type"": ""full"", ""n_components"": 9}",ok,,1.4168155923748031,-292.1334300304004,9,1.0,11,38,0.3540802060008539,0.3628654458468358,0.9492807720018873,112.70965818569208,0.3628654458468358,True
851,behavior_age,behavior_age/minmax/cat=0.5,GMM,"{""covariance_type"": ""tied"", ""n_components"": 9}",ok,,-86.60350334039589,-221.83451536886537,9,1.0,9,39,0.42620185162614255,0.41516732107378407,0.8663864092037884,127.71979574345957,0.41516732107378407,True
852,behavior_age,behavior_age/minmax/cat=0.5,GMM,"{""covariance_type"": ""diag"", ""n_components"": 9}",ok,,-82.30446042914582,-286.80013715512405,9,1.0,7,51,0.35211114133656424,0.36698267381921035,0.888826423414735,111.59742333200018,0.36698267381921035,True
853,behavior_age,behavior_age/minmax/cat=0.5,GMM,"{""covariance_type"": ""spherical"", ""n_components"": 9}",ok,,-122.24431118830904,-267.37027531642264,9,1.0,4,35,0.3625332296392,0.36388800266043736,0.9539063852506773,105.18819348971334,0.36388800266043736,False
854,behavior_age,behavior_age/minmax/cat=0.5,Agglomerative,"{""linkage"": ""ward"", ""n_clusters"": 9}",ok,,,,9,1.0,9,39,0.39731096791731546,0.3931956982787686,0.8949073686820869,119.55698313434893,0.3931956982787686,True
855,behavior_age,behavior_age/minmax/cat=0.5,Agglomerative,"{""linkage"": ""complete"", ""n_clusters"": 9}",ok,,,,9,1.0,3,48,0.3785673720849793,0.3800939494755323,0.8774065999491675,104.34135259815179,0.3800939494755323,False
856,behavior_age,behavior_age/minmax/cat=0.5,Agglomerative,"{""linkage"": ""average"", ""n_clusters"": 9}",ok,,,,9,1.0,4,54,0.39746484482134464,0.40425587232045956,0.7718788287006297,105.96964377422637,0.40425587232045956,False
857,behavior_age,behavior_age/minmax/cat=0.5,Spectral,"{""affinity"": ""nearest_neighbors"", ""n_clusters"": 9, ""n_neighbors"": 10}",ok,,,,9,1.0,12,32,0.34821027123175896,0.3475093746833201,1.0122385825409357,113.3944587082137,0.3475093746833201,True
858,behavior_age,behavior_age/minmax/cat=0.5,Spectral,"{""affinity"": ""nearest_neighbors"", ""n_clusters"": 9, ""n_neighbors"": 20}",ok,,,,9,1.0,16,39,0.38948172160683225,0.380524347315566,0.953549105261403,122.71124893106465,0.380524347315566,True
859,behavior_age,behavior_age/minmax/cat=0.5,Birch,"{""n_clusters"": 9, ""threshold"": 0.2}",ok,,,,9,1.0,4,43,0.38505594595523435,0.37564195267267464,0.8550808785586104,101.80167580393334,0.37564195267267464,False
860,behavior_age,behavior_age/minmax/cat=0.5,Birch,"{""n_clusters"": 9, ""threshold"": 0.5}",ok,Number of subclusters found (1) by BIRCH is less than (9). Decrease the threshold.,,,1,1.0,200,200,,,,,-inf,False
861,behavior_age,behavior_age/minmax/cat=0.5,KMeans,"{""n_clusters"": 10}",ok,,,,10,1.0,9,32,0.39855019056658525,0.4021226168296687,0.8993078370626675,134.00128861309892,0.4021226168296687,True
862,behavior_age,behavior_age/minmax/cat=0.5,GMM,"{""covariance_type"": ""full"", ""n_components"": 10}",ok,,31.614544779647417,-294.91887450860816,10,1.0,10,35,0.2964840454798588,0.30725877749657665,1.0618182295574026,95.13588125828018,0.30725877749657665,True
863,behavior_age,behavior_age/minmax/cat=0.5,GMM,"{""covariance_type"": ""tied"", ""n_components"": 10}",ok,,-99.34797330507016,-247.7722547997318,10,1.0,4,35,0.40989930882946995,0.41034353638671434,0.7507878503743843,125.98658641556723,0.41034353638671434,False
864,behavior_age,behavior_age/minmax/cat=0.5,GMM,"{""covariance_type"": ""diag"", ""n_components"": 10}",ok,,-65.38544814962023,-292.9693464414347,10,1.0,4,39,0.37029822131087103,0.3683078317462506,1.0045399698456179,110.60230618428315,0.3683078317462506,False
865,behavior_age,behavior_age/minmax/cat=0.5,GMM,"{""covariance_type"": ""spherical"", ""n_components"": 10}",ok,,-127.36905425790178,-288.9866052187556,10,1.0,2,35,0.35559364266892307,0.35217295356825123,0.9058675774175258,95.49257612031036,0.35217295356825123,False
866,behavior_age,behavior_age/minmax/cat=0.5,Agglomerative,"{""linkage"": ""ward"", ""n_clusters"": 10}",ok,,,,10,1.0,4,39,0.40084077303418625,0.3944069687854577,0.8443154926566969,119.58005460208847,0.3944069687854577,False
867,behavior_age,behavior_age/minmax/cat=0.5,Agglomerative,"{""linkage"": ""complete"", ""n_clusters"": 10}",ok,,,,10,1.0,3,42,0.348601959860848,0.3556642878514234,1.0085275075076747,104.31757979460227,0.3556642878514234,False
868,behavior_age,behavior_age/minmax/cat=0.5,Agglomerative,"{""linkage"": ""average"", ""n_clusters"": 10}",ok,,,,10,1.0,2,54,0.39361952551167634,0.3981754683982486,0.7823485375795034,96.84878929829064,0.3981754683982486,False
869,behavior_age,behavior_age/minmax/cat=0.5,Spectral,"{""affinity"": ""nearest_neighbors"", ""n_clusters"": 10, ""n_neighbors"": 10}",ok,,,,10,1.0,12,31,0.3394436312285859,0.33427719030219777,1.0564314848921275,115.26693124450101,0.33427719030219777,True
870,behavior_age,behavior_age/minmax/cat=0.5,Spectral,"{""affinity"": ""nearest_neighbors"", ""n_clusters"": 10, ""n_neighbors"": 20}",ok,,,,10,1.0,16,25,0.33690863608912336,0.32941252156970224,1.070522372407875,116.2654507478612,0.32941252156970224,True
871,behavior_age,behavior_age/minmax/cat=0.5,Birch,"{""n_clusters"": 10, ""threshold"": 0.2}",ok,,,,10,1.0,4,39,0.4042253377250965,0.3959804841604184,0.8396270881295314,110.78648186340112,0.3959804841604184,False
872,behavior_age,behavior_age/minmax/cat=0.5,Birch,"{""n_clusters"": 10, ""threshold"": 0.5}",ok,Number of subclusters found (1) by BIRCH is less than (10). Decrease the threshold.,,,1,1.0,200,200,,,,,-inf,False
873,behavior_age,behavior_age/minmax/cat=0.5,DBSCAN,"{""eps"": 0.08863318523256823, ""min_samples"": 4}",ok,,,,8,0.545,4,26,0.49080167997772683,0.49612013959575707,0.7799623062238799,150.2680258313531,0.04112013959575711,False
874,behavior_age,behavior_age/minmax/cat=0.5,DBSCAN,"{""eps"": 0.11557118999887721, ""min_samples"": 4}",ok,,,,8,0.765,3,51,0.4138308448003123,0.4194699762321508,0.7637415958417013,98.95693464023724,0.18446997623215083,False
875,behavior_age,behavior_age/minmax/cat=0.5,DBSCAN,"{""eps"": 0.1465100852094491, ""min_samples"": 4}",ok,,,,4,0.915,4,135,0.1345358635409336,0.15172951440026888,0.9693422058988667,29.20217709619983,0.06672951440026892,False
876,behavior_age,behavior_age/minmax/cat=0.5,DBSCAN,"{""eps"": 0.1664827344331112, ""min_samples"": 4}",ok,,,,3,0.945,4,147,0.19248572652373727,0.2036754362708092,0.9522467249341896,34.94605491661118,0.14867543627080915,False
877,behavior_age,behavior_age/minmax/cat=0.5,DBSCAN,"{""eps"": 0.19624763384829869, ""min_samples"": 4}",ok,,,,1,0.975,195,195,,,,,-inf,False
878,behavior_age,behavior_age/minmax/cat=0.5,DBSCAN,"{""eps"": 0.12712963779701178, ""min_samples"": 7}",ok,,,,5,0.675,7,49,0.5184301880905294,0.5215679553237954,0.6160674252684991,150.55947119275038,0.19656795532379545,False
879,behavior_age,behavior_age/minmax/cat=0.5,DBSCAN,"{""eps"": 0.15068295588007422, ""min_samples"": 7}",ok,,,,3,0.775,13,107,0.23480429680040868,0.2704484549485072,1.020078495463334,43.42760572044149,0.045448454948507244,False
880,behavior_age,behavior_age/minmax/cat=0.5,DBSCAN,"{""eps"": 0.19206783675641267, ""min_samples"": 7}",ok,,,,1,0.935,187,187,,,,,-inf,False
881,behavior_age,behavior_age/minmax/cat=0.5,DBSCAN,"{""eps"": 0.22718506289193552, ""min_samples"": 7}",ok,,,,1,0.98,196,196,,,,,-inf,False
882,behavior_age,behavior_age/minmax/cat=0.5,DBSCAN,"{""eps"": 0.287215855892326, ""min_samples"": 7}",ok,,,,1,0.995,199,199,,,,,-inf,False
883,behavior_age,behavior_age/minmax/cat=0.5,DBSCAN,"{""eps"": 0.1491398445704171, ""min_samples"": 10}",ok,,,,4,0.67,19,50,0.5314657022196447,0.5300050374768794,0.6417328875483495,171.90938620872092,0.20000503747687948,False
884,behavior_age,behavior_age/minmax/cat=0.5,DBSCAN,"{""eps"": 0.17393404240844623, ""min_samples"": 10}",ok,,,,2,0.8,16,144,0.2440877447962674,0.24933537970169678,0.9540988492231215,30.015460821278474,0.049335379701696824,False
885,behavior_age,behavior_age/minmax/cat=0.5,DBSCAN,"{""eps"": 0.2350525275467726, ""min_samples"": 10}",ok,,,,1,0.955,191,191,,,,,-inf,False
886,behavior_age,behavior_age/minmax/cat=0.5,DBSCAN,"{""eps"": 0.2693803572815227, ""min_samples"": 10}",ok,,,,1,0.99,198,198,,,,,-inf,False
887,behavior_age,behavior_age/minmax/cat=0.5,DBSCAN,"{""eps"": 0.3215257696721852, ""min_samples"": 10}",ok,,,,1,1.0,200,200,,,,,-inf,False
888,behavior_age,behavior_age/minmax/cat=0.5,HDBSCAN,"{""cluster_selection_method"": ""eom"", ""min_cluster_size"": 5, ""min_samples"": 3}",ok,,,,7,0.77,7,38,0.509011912789466,0.5033931002355719,0.6634092227246151,166.85327728707136,0.27339310023557195,False
889,behavior_age,behavior_age/minmax/cat=0.5,HDBSCAN,"{""cluster_selection_method"": ""leaf"", ""min_cluster_size"": 5, ""min_samples"": 3}",ok,,,,11,0.545,5,18,0.4125090553253485,0.4279980634043941,0.8370161599208036,151.30345115488058,-0.027001936595605847,False
890,behavior_age,behavior_age/minmax/cat=0.5,HDBSCAN,"{""cluster_selection_method"": ""eom"", ""min_cluster_size"": 5, ""min_samples"": 5}",ok,,,,6,0.605,11,35,0.5634875968731159,0.5583642819755057,0.6140121987754207,189.05263491827495,0.16336428197550568,False
891,behavior_age,behavior_age/minmax/cat=0.5,HDBSCAN,"{""cluster_selection_method"": ""leaf"", ""min_cluster_size"": 5, ""min_samples"": 5}",ok,,,,8,0.505,5,35,0.5041658181669935,0.4941645946706364,0.68512964772354,134.64062114822536,-0.0008354053293636032,False
892,behavior_age,behavior_age/minmax/cat=0.5,HDBSCAN,"{""cluster_selection_method"": ""eom"", ""min_cluster_size"": 5, ""min_samples"": 10}",ok,,,,5,0.54,7,43,0.5447895199852248,0.5529142927306903,0.5652128298424344,136.13582624207174,0.0929142927306903,False
893,behavior_age,behavior_age/minmax/cat=0.5,HDBSCAN,"{""cluster_selection_method"": ""leaf"", ""min_cluster_size"": 5, ""min_samples"": 10}",ok,,,,5,0.54,7,43,0.5447895199852248,0.5529142927306903,0.5652128298424344,136.13582624207174,0.0929142927306903,False
894,behavior_age,behavior_age/minmax/cat=0.5,HDBSCAN,"{""cluster_selection_method"": ""eom"", ""min_cluster_size"": 10, ""min_samples"": 3}",ok,,,,6,0.735,13,38,0.5082417500210686,0.5010816375817398,0.6845107049721637,176.59136570741296,0.23608163758173983,False
895,behavior_age,behavior_age/minmax/cat=0.5,HDBSCAN,"{""cluster_selection_method"": ""leaf"", ""min_cluster_size"": 10, ""min_samples"": 3}",ok,,,,6,0.735,13,38,0.5082417500210686,0.5010816375817398,0.6845107049721637,176.59136570741296,0.23608163758173983,False
896,behavior_age,behavior_age/minmax/cat=0.5,HDBSCAN,"{""cluster_selection_method"": ""eom"", ""min_cluster_size"": 10, ""min_samples"": 5}",ok,,,,5,0.66,11,47,0.5315869054298367,0.5390019863418755,0.6209711180077699,153.34482550257584,0.1990019863418755,False
897,behavior_age,behavior_age/minmax/cat=0.5,HDBSCAN,"{""cluster_selection_method"": ""leaf"", ""min_cluster_size"": 10, ""min_samples"": 5}",ok,,,,6,0.605,11,35,0.5634875968731159,0.5583642819755057,0.6140121987754207,189.05263491827495,0.16336428197550568,False
898,behavior_age,behavior_age/minmax/cat=0.5,HDBSCAN,"{""cluster_selection_method"": ""eom"", ""min_cluster_size"": 10, ""min_samples"": 10}",ok,,,,4,0.505,10,43,0.5927867599398103,0.5897629001512631,0.5207333627624889,157.02144014201286,0.0947629001512631,False
899,behavior_age,behavior_age/minmax/cat=0.5,HDBSCAN,"{""cluster_selection_method"": ""leaf"", ""min_cluster_size"": 10, ""min_samples"": 10}",ok,,,,4,0.505,10,43,0.5927867599398103,0.5897629001512631,0.5207333627624889,157.02144014201286,0.0947629001512631,False
900,behavior_age,behavior_age/minmax/cat=0.5,HDBSCAN,"{""cluster_selection_method"": ""eom"", ""min_cluster_size"": 15, ""min_samples"": 3}",ok,,,,5,0.67,18,38,0.5044889418269363,0.49483237646227185,0.7022924599274514,182.40520418857162,0.1648323764622719,False
901,behavior_age,behavior_age/minmax/cat=0.5,HDBSCAN,"{""cluster_selection_method"": ""leaf"", ""min_cluster_size"": 15, ""min_samples"": 3}",ok,,,,5,0.67,18,38,0.5044889418269363,0.49483237646227185,0.7022924599274514,182.40520418857162,0.1648323764622719,False
902,behavior_age,behavior_age/minmax/cat=0.5,HDBSCAN,"{""cluster_selection_method"": ""eom"", ""min_cluster_size"": 15, ""min_samples"": 5}",ok,,,,2,0.84,35,133,0.25226320489368736,0.2683666382898774,1.0514838930957329,51.142667518502,0.10836663828987736,False
903,behavior_age,behavior_age/minmax/cat=0.5,HDBSCAN,"{""cluster_selection_method"": ""leaf"", ""min_cluster_size"": 15, ""min_samples"": 5}",ok,,,,4,0.485,18,35,0.567599330253464,0.552458226114772,0.6526431830353717,202.66378570268003,0.03745822611477201,False
904,behavior_age,behavior_age/minmax/cat=0.5,HDBSCAN,"{""cluster_selection_method"": ""eom"", ""min_cluster_size"": 15, ""min_samples"": 10}",ok,,,,3,0.52,29,43,0.5474201047032655,0.5492522080679847,0.7310394898195577,146.41950302058308,0.06925220806798471,False
905,behavior_age,behavior_age/minmax/cat=0.5,HDBSCAN,"{""cluster_selection_method"": ""leaf"", ""min_cluster_size"": 15, ""min_samples"": 10}",ok,,,,3,0.52,29,43,0.5474201047032655,0.5492522080679847,0.7310394898195577,146.41950302058308,0.06925220806798471,False
906,behavior_age,behavior_age/minmax/cat=0.5,HDBSCAN,"{""cluster_selection_method"": ""eom"", ""min_cluster_size"": 20, ""min_samples"": 3}",ok,,,,2,0.92,38,146,0.2603403687445937,0.2746263136519018,1.0413980520789907,59.59864627435509,0.19462631365190186,True
907,behavior_age,behavior_age/minmax/cat=0.5,HDBSCAN,"{""cluster_selection_method"": ""leaf"", ""min_cluster_size"": 20, ""min_samples"": 3}",ok,,,,4,0.58,21,38,0.5137453820521692,0.49630975072258066,0.7095812516027439,178.02085327937036,0.07630975072258062,False
908,behavior_age,behavior_age/minmax/cat=0.5,HDBSCAN,"{""cluster_selection_method"": ""eom"", ""min_cluster_size"": 20, ""min_samples"": 5}",ok,,,,2,0.84,35,133,0.25226320489368736,0.2683666382898774,1.0514838930957329,51.142667518502,0.10836663828987736,False
909,behavior_age,behavior_age/minmax/cat=0.5,HDBSCAN,"{""cluster_selection_method"": ""leaf"", ""min_cluster_size"": 20, ""min_samples"": 5}",ok,,,,3,0.54,26,47,0.5709951964206237,0.5650023017843343,0.5865381877080843,185.45772004920275,0.10500230178433434,False
910,behavior_age,behavior_age/minmax/cat=0.5,HDBSCAN,"{""cluster_selection_method"": ""eom"", ""min_cluster_size"": 20, ""min_samples"": 10}",ok,,,,3,0.52,29,43,0.5474201047032655,0.5492522080679847,0.7310394898195577,146.41950302058308,0.06925220806798471,False
911,behavior_age,behavior_age/minmax/cat=0.5,HDBSCAN,"{""cluster_selection_method"": ""leaf"", ""min_cluster_size"": 20, ""min_samples"": 10}",ok,,,,3,0.52,29,43,0.5474201047032655,0.5492522080679847,0.7310394898195577,146.41950302058308,0.06925220806798471,False
912,behavior_age,behavior_age/minmax/cat=0.5,OPTICS,"{""min_cluster_size"": 0.05, ""min_samples"": 5, ""xi"": 0.03}",ok,,,,5,0.45,13,24,0.6319541194815137,0.6275670951149839,0.5114940431820133,239.26204992368235,0.07756709511498383,False
913,behavior_age,behavior_age/minmax/cat=0.5,OPTICS,"{""min_cluster_size"": 0.05, ""min_samples"": 5, ""xi"": 0.05}",ok,,,,5,0.44,13,24,0.6360277515132207,0.6306153334611436,0.5076937844216697,240.63009590524868,0.07061533346114357,False
914,behavior_age,behavior_age/minmax/cat=0.5,OPTICS,"{""min_cluster_size"": 0.05, ""min_samples"": 5, ""xi"": 0.1}",ok,,,,3,0.405,20,37,0.6275039449648991,0.6140513913260395,0.544900493045133,158.9844346428866,0.019051391326039502,False
915,behavior_age,behavior_age/minmax/cat=0.5,OPTICS,"{""min_cluster_size"": 0.05, ""min_samples"": 10, ""xi"": 0.03}",ok,,,,5,0.595,12,35,0.5567626046147862,0.5559474878292482,0.6142469699345042,155.6993150127559,0.15094748782924816,False
916,behavior_age,behavior_age/minmax/cat=0.5,OPTICS,"{""min_cluster_size"": 0.05, ""min_samples"": 10, ""xi"": 0.05}",ok,,,,4,0.52,18,35,0.585366940587401,0.5808070378377509,0.6064647401643305,160.26539843905465,0.10080703783775091,False
917,behavior_age,behavior_age/minmax/cat=0.5,OPTICS,"{""min_cluster_size"": 0.05, ""min_samples"": 10, ""xi"": 0.1}",ok,,,,3,0.355,15,35,0.593667421343659,0.5973553313079234,0.5404205268384632,144.82571357739917,-0.04764466869207662,False
918,all_features,all_features/standard/cat=0.25,KMeans,"{""n_clusters"": 2}",ok,,,,2,1.0,97,103,0.3252014482256467,0.3012502988661852,1.3565492948474414,95.66012536463332,0.3012502988661852,True
919,all_features,all_features/standard/cat=0.25,GMM,"{""covariance_type"": ""full"", ""n_components"": 2}",ok,,-11484.444586219226,-12490.431383016377,2,1.0,67,133,0.01016531648366576,0.015470546352211652,7.633627467280575,2.731054166140542,0.015470546352211652,True
920,all_features,all_features/standard/cat=0.25,GMM,"{""covariance_type"": ""tied"", ""n_components"": 2}",ok,,-8578.169855805874,-9135.585490752492,2,1.0,89,111,0.3049211509157177,0.28319932068093123,1.392460981010277,89.48621600201291,0.28319932068093123,True
921,all_features,all_features/standard/cat=0.25,GMM,"{""covariance_type"": ""diag"", ""n_components"": 2}",ok,,-8557.408083181017,-8771.79871200664,2,1.0,67,133,0.01016531648366576,0.015470546352211652,7.633627467280575,2.731054166140542,0.015470546352211652,True
922,all_features,all_features/standard/cat=0.25,GMM,"{""covariance_type"": ""spherical"", ""n_components"": 2}",ok,,2880.4593100108655,2765.018202181684,2,1.0,96,104,0.3243875048331818,0.3004598577161606,1.3564959542764692,95.46902955410259,0.3004598577161606,True
923,all_features,all_features/standard/cat=0.25,Agglomerative,"{""linkage"": ""ward"", ""n_clusters"": 2}",ok,,,,2,1.0,92,108,0.31548888547836607,0.29224622704569003,1.374478640019032,92.11914333723435,0.29224622704569003,True
924,all_features,all_features/standard/cat=0.25,Agglomerative,"{""linkage"": ""complete"", ""n_clusters"": 2}",ok,,,,2,1.0,70,130,0.219103321998235,0.2005114091467292,1.9021024245579232,45.547799472465385,0.2005114091467292,True
925,all_features,all_features/standard/cat=0.25,Agglomerative,"{""linkage"": ""average"", ""n_clusters"": 2}",ok,,,,2,1.0,91,109,0.31494260439375515,0.2917649041558631,1.3737144629156526,92.03286208712686,0.2917649041558631,True
926,all_features,all_features/standard/cat=0.25,Spectral,"{""affinity"": ""nearest_neighbors"", ""n_clusters"": 2, ""n_neighbors"": 10}",ok,,,,2,1.0,39,161,0.2399621532870922,0.21948682127019803,1.2144584089646204,50.5782041943055,0.21948682127019803,True
927,all_features,all_features/standard/cat=0.25,Spectral,"{""affinity"": ""nearest_neighbors"", ""n_clusters"": 2, ""n_neighbors"": 20}",ok,,,,2,1.0,39,161,0.2399621532870922,0.21948682127019803,1.2144584089646204,50.5782041943055,0.21948682127019803,True
928,all_features,all_features/standard/cat=0.25,Birch,"{""n_clusters"": 2, ""threshold"": 0.2}",ok,,,,2,1.0,92,108,0.31548888547836607,0.29224622704569003,1.374478640019032,92.11914333723435,0.29224622704569003,True
929,all_features,all_features/standard/cat=0.25,Birch,"{""n_clusters"": 2, ""threshold"": 0.5}",ok,,,,2,1.0,94,106,0.32009393649810364,0.29639571364735345,1.366074767573151,93.54264429659315,0.29639571364735345,True
930,all_features,all_features/standard/cat=0.25,KMeans,"{""n_clusters"": 3}",ok,,,,3,1.0,41,91,0.3431950526851291,0.31092767377227437,1.1649837312714284,87.88077444843509,0.31092767377227437,True
931,all_features,all_features/standard/cat=0.25,GMM,"{""covariance_type"": ""full"", ""n_components"": 3}",ok,,-12589.100079310727,-14099.729433189728,3,1.0,23,125,-0.014370325984939645,-0.0048878101098335765,7.236803107231997,1.9690201499201607,-0.0048878101098335765,True
932,all_features,all_features/standard/cat=0.25,GMM,"{""covariance_type"": ""tied"", ""n_components"": 3}",ok,,-9621.153748778072,-10234.640778956007,3,1.0,28,87,0.13946054720942494,0.13291487298721003,2.925752125534947,42.69372101618976,0.13291487298721003,True
933,all_features,all_features/standard/cat=0.25,GMM,"{""covariance_type"": ""diag"", ""n_components"": 3}",ok,,-10471.371319332251,-10794.606421253959,3,1.0,23,125,-0.009505915903734827,-0.0003243925992005303,7.8917594516210245,1.5777347437331113,-0.0003243925992005303,True
934,all_features,all_features/standard/cat=0.25,GMM,"{""covariance_type"": ""spherical"", ""n_components"": 3}",ok,,1974.386775992281,1799.575955565235,3,1.0,39,106,0.3322009359277247,0.29967359958727713,1.1005852166254604,84.25292427154966,0.29967359958727713,True
935,all_features,all_features/standard/cat=0.25,Agglomerative,"{""linkage"": ""ward"", ""n_clusters"": 3}",ok,,,,3,1.0,32,92,0.33157121368561854,0.30294510083118675,1.1937005140123984,83.38830833090242,0.30294510083118675,True
936,all_features,all_features/standard/cat=0.25,Agglomerative,"{""linkage"": ""complete"", ""n_clusters"": 3}",ok,,,,3,1.0,21,109,0.20931368348081386,0.18737786127336262,1.6096867648874635,44.75021844193956,0.18737786127336262,True
937,all_features,all_features/standard/cat=0.25,Agglomerative,"{""linkage"": ""average"", ""n_clusters"": 3}",ok,,,,3,1.0,35,91,0.3272611378294787,0.298697325543423,1.2052818725428043,83.27714229698378,0.298697325543423,True
938,all_features,all_features/standard/cat=0.25,Spectral,"{""affinity"": ""nearest_neighbors"", ""n_clusters"": 3, ""n_neighbors"": 10}",ok,,,,3,1.0,39,105,0.33486814182930064,0.30256188391492755,1.1021446533783739,85.26254023732558,0.30256188391492755,True
939,all_features,all_features/standard/cat=0.25,Spectral,"{""affinity"": ""nearest_neighbors"", ""n_clusters"": 3, ""n_neighbors"": 20}",ok,,,,3,1.0,39,103,0.33695913676475164,0.30407165123227153,1.1181057948122057,85.78808726536349,0.30407165123227153,True
940,all_features,all_features/standard/cat=0.25,Birch,"{""n_clusters"": 3, ""threshold"": 0.2}",ok,,,,3,1.0,35,92,0.3296323147252428,0.30087237178361426,1.1977402126979324,83.69695348432649,0.30087237178361426,True
941,all_features,all_features/standard/cat=0.25,Birch,"{""n_clusters"": 3, ""threshold"": 0.5}",ok,,,,3,1.0,21,94,0.29282296218213527,0.2664012346688631,1.3419547255145872,67.15631384232596,0.2664012346688631,True
942,all_features,all_features/standard/cat=0.25,KMeans,"{""n_clusters"": 4}",ok,,,,4,1.0,38,65,0.38577074305176123,0.3460649887989902,1.0580029818465313,102.57582465979662,0.3460649887989902,True
943,all_features,all_features/standard/cat=0.25,GMM,"{""covariance_type"": ""full"", ""n_components"": 4}",ok,,-10940.543246008268,-12955.815156969118,4,1.0,10,123,-0.08503113722780657,-0.06834192704920468,6.820527728015312,4.813624743867378,-0.06834192704920468,True
944,all_features,all_features/standard/cat=0.25,GMM,"{""covariance_type"": ""tied"", ""n_components"": 4}",ok,,-9631.616711066765,-10301.175136476017,4,1.0,15,89,0.2173892702019733,0.20330587944830128,2.2129036817455376,46.49771586364092,0.20330587944830128,True
945,all_features,all_features/standard/cat=0.25,GMM,"{""covariance_type"": ""diag"", ""n_components"": 4}",ok,,-11553.651600980722,-11985.731175998515,4,1.0,14,89,-0.058933909542867896,-0.03962811036779129,7.130679633728899,1.907316724794289,-0.03962811036779129,True
946,all_features,all_features/standard/cat=0.25,GMM,"{""covariance_type"": ""spherical"", ""n_components"": 4}",ok,,1302.6895867704818,1068.5090537455712,4,1.0,38,66,0.3850185456095547,0.34542936981877786,1.061161813531063,102.20290330979637,0.34542936981877786,True
947,all_features,all_features/standard/cat=0.25,Agglomerative,"{""linkage"": ""ward"", ""n_clusters"": 4}",ok,,,,4,1.0,32,76,0.3687440800763789,0.32988115332139595,1.09694306759554,92.64693461305724,0.32988115332139595,True
948,all_features,all_features/standard/cat=0.25,Agglomerative,"{""linkage"": ""complete"", ""n_clusters"": 4}",ok,,,,4,1.0,21,70,0.26720187155165925,0.23488569719005653,1.3963072696087873,60.360904681004335,0.23488569719005653,True
949,all_features,all_features/standard/cat=0.25,Agglomerative,"{""linkage"": ""average"", ""n_clusters"": 4}",ok,,,,4,1.0,35,74,0.3659624788296678,0.3272057414358109,1.114170438388048,92.50308273316175,0.3272057414358109,True
950,all_features,all_features/standard/cat=0.25,Spectral,"{""affinity"": ""nearest_neighbors"", ""n_clusters"": 4, ""n_neighbors"": 10}",ok,,,,4,1.0,39,67,0.3637267178539176,0.3266997556591417,1.1067087222791512,93.69506063883841,0.3266997556591417,True
951,all_features,all_features/standard/cat=0.25,Spectral,"{""affinity"": ""nearest_neighbors"", ""n_clusters"": 4, ""n_neighbors"": 20}",ok,,,,4,1.0,39,66,0.36633202366312645,0.32897416295675314,1.1008023092357424,95.06583723562572,0.32897416295675314,True
952,all_features,all_features/standard/cat=0.25,Birch,"{""n_clusters"": 4, ""threshold"": 0.2}",ok,,,,4,1.0,35,73,0.3680856909150067,0.3290457800439488,1.1106375464721516,92.99815938022184,0.3290457800439488,True
953,all_features,all_features/standard/cat=0.25,Birch,"{""n_clusters"": 4, ""threshold"": 0.5}",ok,,,,4,1.0,21,94,0.31767897737330775,0.2859736518399124,1.1326940029087826,70.47874795492434,0.2859736518399124,True
954,all_features,all_features/standard/cat=0.25,KMeans,"{""n_clusters"": 5}",ok,,,,5,1.0,20,54,0.39554535084502646,0.3503215059930524,1.0312666004577562,98.14281350066585,0.3503215059930524,True
955,all_features,all_features/standard/cat=0.25,GMM,"{""covariance_type"": ""full"", ""n_components"": 5}",ok,,-11582.7835975428,-14102.6980655855,5,1.0,10,90,-0.10305254808961845,-0.08300635312616865,2.9645109492253625,11.186379950070192,-0.08300635312616865,True
956,all_features,all_features/standard/cat=0.25,GMM,"{""covariance_type"": ""tied"", ""n_components"": 5}",ok,,-8463.25765544587,-9188.887476086438,5,1.0,21,62,0.3764798427699897,0.3322283746482694,1.0349345023768366,94.94591895681664,0.3322283746482694,True
957,all_features,all_features/standard/cat=0.25,GMM,"{""covariance_type"": ""diag"", ""n_components"": 5}",ok,,-12140.983315536636,-12681.907363650515,5,1.0,20,85,-0.0989006236054062,-0.0749896512949318,5.627254764297956,3.635851357963132,-0.0749896512949318,True
958,all_features,all_features/standard/cat=0.25,GMM,"{""covariance_type"": ""spherical"", ""n_components"": 5}",ok,,819.5975507379541,526.0473051151789,5,1.0,20,58,0.3879230604752475,0.34245108019806314,1.0128876298320648,97.71242643906221,0.34245108019806314,True
959,all_features,all_features/standard/cat=0.25,Agglomerative,"{""linkage"": ""ward"", ""n_clusters"": 5}",ok,,,,5,1.0,23,53,0.38782109990085106,0.34352103495995523,1.0782070121679777,93.57214886535228,0.34352103495995523,True
960,all_features,all_features/standard/cat=0.25,Agglomerative,"{""linkage"": ""complete"", ""n_clusters"": 5}",ok,,,,5,1.0,21,58,0.38213668429254055,0.3376093306485143,1.028686712775753,95.75261321876033,0.3376093306485143,True
961,all_features,all_features/standard/cat=0.25,Agglomerative,"{""linkage"": ""average"", ""n_clusters"": 5}",ok,,,,5,1.0,20,54,0.3889064873244529,0.3447997780984127,1.0728998996241847,92.5557941303292,0.3447997780984127,True
962,all_features,all_features/standard/cat=0.25,Spectral,"{""affinity"": ""nearest_neighbors"", ""n_clusters"": 5, ""n_neighbors"": 10}",ok,,,,5,1.0,23,60,0.34101091201872963,0.301196866957784,1.178505253652637,81.14275786082081,0.301196866957784,True
963,all_features,all_features/standard/cat=0.25,Spectral,"{""affinity"": ""nearest_neighbors"", ""n_clusters"": 5, ""n_neighbors"": 20}",ok,,,,5,1.0,23,60,0.38715294087036156,0.34167747089400635,1.0440078830997017,96.55807584794371,0.34167747089400635,True
964,all_features,all_features/standard/cat=0.25,Birch,"{""n_clusters"": 5, ""threshold"": 0.2}",ok,,,,5,1.0,19,54,0.38889146038125477,0.34499363179589165,1.0716510029401891,92.40511015492301,0.34499363179589165,True
965,all_features,all_features/standard/cat=0.25,Birch,"{""n_clusters"": 5, ""threshold"": 0.5}",ok,,,,5,1.0,21,61,0.37086037382499243,0.32854164211701176,1.0892406900872555,88.99739907596164,0.32854164211701176,True
966,all_features,all_features/standard/cat=0.25,KMeans,"{""n_clusters"": 6}",ok,,,,6,1.0,21,45,0.4020485473088463,0.34936146965376674,1.0064413163320287,100.67404478525711,0.34936146965376674,True
967,all_features,all_features/standard/cat=0.25,GMM,"{""covariance_type"": ""full"", ""n_components"": 6}",ok,,-10599.382595087125,-13623.939620211673,6,1.0,10,118,-0.134297162067112,-0.11486540194808387,2.9474055575211575,10.57728815317031,-0.11486540194808387,True
968,all_features,all_features/standard/cat=0.25,GMM,"{""covariance_type"": ""tied"", ""n_components"": 6}",ok,,-8449.471127469345,-9231.17234334123,6,1.0,19,49,0.39440389837261003,0.34411594861990424,1.007944287321813,97.77465497400522,0.34411594861990424,True
969,all_features,all_features/standard/cat=0.25,GMM,"{""covariance_type"": ""diag"", ""n_components"": 6}",ok,,-12836.87998376572,-13486.648504975685,6,1.0,11,54,-0.07603593939425907,-0.05441380343406328,5.8470205440237715,2.813748380210236,-0.05441380343406328,True
970,all_features,all_features/standard/cat=0.25,GMM,"{""covariance_type"": ""spherical"", ""n_components"": 6}",ok,,281.7829540092562,-71.13700421138367,6,1.0,22,45,0.4017147954102518,0.34859733257105474,0.9937423325059284,99.54299892907098,0.34859733257105474,True
971,all_features,all_features/standard/cat=0.25,Agglomerative,"{""linkage"": ""ward"", ""n_clusters"": 6}",ok,,,,6,1.0,18,53,0.38401869989333604,0.33432276914100034,1.0280273747115636,93.30435269873098,0.33432276914100034,True
972,all_features,all_features/standard/cat=0.25,Agglomerative,"{""linkage"": ""complete"", ""n_clusters"": 6}",ok,,,,6,1.0,16,58,0.36266677872913816,0.3157831604437373,1.186370789223619,85.99883132581517,0.3157831604437373,True
973,all_features,all_features/standard/cat=0.25,Agglomerative,"{""linkage"": ""average"", ""n_clusters"": 6}",ok,,,,6,1.0,4,54,0.3685472436402661,0.32468629318505604,1.0220978042634221,80.15306160667491,0.32468629318505604,False
974,all_features,all_features/standard/cat=0.25,Spectral,"{""affinity"": ""nearest_neighbors"", ""n_clusters"": 6, ""n_neighbors"": 10}",ok,,,,6,1.0,22,42,0.3800269200246427,0.3292391212640471,1.037063506626762,95.7015669537959,0.3292391212640471,True
975,all_features,all_features/standard/cat=0.25,Spectral,"{""affinity"": ""nearest_neighbors"", ""n_clusters"": 6, ""n_neighbors"": 20}",ok,,,,6,1.0,23,48,0.34711082498431906,0.2986170755954091,1.0963854011647003,90.3312209118188,0.2986170755954091,True
976,all_features,all_features/standard/cat=0.25,Birch,"{""n_clusters"": 6, ""threshold"": 0.2}",ok,,,,6,1.0,19,54,0.3911619734517444,0.339721128730407,1.012440006006589,93.65943716201525,0.339721128730407,True
977,all_features,all_features/standard/cat=0.25,Birch,"{""n_clusters"": 6, ""threshold"": 0.5}",ok,,,,6,1.0,20,61,0.37456893628168075,0.32444933958200095,1.0293490635328624,90.09431200672674,0.32444933958200095,True
978,all_features,all_features/standard/cat=0.25,KMeans,"{""n_clusters"": 7}",ok,,,,7,1.0,20,39,0.3864297299379081,0.3264883181860864,1.0141303269807176,95.70336541195259,0.3264883181860864,True
979,all_features,all_features/standard/cat=0.25,GMM,"{""covariance_type"": ""full"", ""n_components"": 7}",ok,,-10323.256144447572,-13852.455726653972,7,1.0,8,98,-0.16205181861070592,-0.14146562545832211,2.9170219882960615,9.731906858084383,-0.14146562545832211,True
980,all_features,all_features/standard/cat=0.25,GMM,"{""covariance_type"": ""tied"", ""n_components"": 7}",ok,,-9426.238042353607,-10264.010653456808,7,1.0,15,55,0.24579407931536842,0.21974921224123367,1.8246812272007646,51.55437353133238,0.21974921224123367,True
981,all_features,all_features/standard/cat=0.25,GMM,"{""covariance_type"": ""diag"", ""n_components"": 7}",ok,,-13253.336897151807,-14011.949891457854,7,1.0,7,60,-0.13876680966760402,-0.10648143732269114,6.054843530772737,2.0439496287252092,-0.10648143732269114,True
982,all_features,all_features/standard/cat=0.25,GMM,"{""covariance_type"": ""spherical"", ""n_components"": 7}",ok,,-156.94411938081055,-569.2337901993151,7,1.0,20,39,0.37981160908330913,0.319530861600008,1.0006130805833815,93.73985956862782,0.319530861600008,True
983,all_features,all_features/standard/cat=0.25,Agglomerative,"{""linkage"": ""ward"", ""n_clusters"": 7}",ok,,,,7,1.0,18,39,0.34836232593889294,0.29301359598536453,1.0595077651169498,89.71825199828837,0.29301359598536453,True
984,all_features,all_features/standard/cat=0.25,Agglomerative,"{""linkage"": ""complete"", ""n_clusters"": 7}",ok,,,,7,1.0,5,58,0.3432082189891703,0.29582855382968104,1.1999484078733305,76.26642383768629,0.29582855382968104,True
985,all_features,all_features/standard/cat=0.25,Agglomerative,"{""linkage"": ""average"", ""n_clusters"": 7}",ok,,,,7,1.0,4,54,0.35777561877716435,0.31192945514412007,1.0039246407837503,73.34717243509685,0.31192945514412007,False
986,all_features,all_features/standard/cat=0.25,Spectral,"{""affinity"": ""nearest_neighbors"", ""n_clusters"": 7, ""n_neighbors"": 10}",ok,,,,7,1.0,20,39,0.3748116084533285,0.3152309902292509,1.0234481658258392,92.15866488302392,0.3152309902292509,True
987,all_features,all_features/standard/cat=0.25,Spectral,"{""affinity"": ""nearest_neighbors"", ""n_clusters"": 7, ""n_neighbors"": 20}",ok,,,,7,1.0,20,39,0.37382556455087745,0.31502823408034375,1.014162185461647,92.0659165976332,0.31502823408034375,True
988,all_features,all_features/standard/cat=0.25,Birch,"{""n_clusters"": 7, ""threshold"": 0.2}",ok,,,,7,1.0,19,39,0.37172039350194397,0.31337532943920365,1.0401433175772996,91.17959522219266,0.31337532943920365,True
989,all_features,all_features/standard/cat=0.25,Birch,"{""n_clusters"": 7, ""threshold"": 0.5}",ok,,,,7,1.0,10,61,0.36149933286298597,0.31000713639979155,1.0235874214442808,82.00628375261827,0.31000713639979155,True
990,all_features,all_features/standard/cat=0.25,KMeans,"{""n_clusters"": 8}",ok,,,,8,1.0,14,39,0.37828541182653125,0.3171529726244554,1.1084748378696379,91.44478224180853,0.3171529726244554,True
991,all_features,all_features/standard/cat=0.25,GMM,"{""covariance_type"": ""full"", ""n_components"": 8}",ok,,-9506.810744455195,-13540.652883743443,8,1.0,8,111,-0.21202824139024304,-0.18725864331060016,2.7385333071614437,10.053231706649079,-0.18725864331060016,True
992,all_features,all_features/standard/cat=0.25,GMM,"{""covariance_type"": ""tied"", ""n_components"": 8}",ok,,-9418.295404412856,-10312.139410747373,8,1.0,9,48,0.2814506558817845,0.2511961166560292,2.369288990626785,63.1605004869363,0.2511961166560292,True
993,all_features,all_features/standard/cat=0.25,GMM,"{""covariance_type"": ""diag"", ""n_components"": 8}",ok,,-12483.804894143483,-13351.262361545616,8,1.0,2,54,-0.2317376242987808,-0.1904282190707343,5.136127679763477,3.3301022161909852,-0.1904282190707343,False
994,all_features,all_features/standard/cat=0.25,GMM,"{""covariance_type"": ""spherical"", ""n_components"": 8}",ok,,-288.77289276735144,-760.4322761837207,8,1.0,10,39,0.3934127556072939,0.33034188984844937,0.9974616696538982,89.5144597911532,0.33034188984844937,True
995,all_features,all_features/standard/cat=0.25,Agglomerative,"{""linkage"": ""ward"", ""n_clusters"": 8}",ok,,,,8,1.0,8,39,0.3544308263297441,0.29718487538808175,1.0808896924620859,84.21547226574425,0.29718487538808175,True
996,all_features,all_features/standard/cat=0.25,Agglomerative,"{""linkage"": ""complete"", ""n_clusters"": 8}",ok,,,,8,1.0,5,42,0.36149759443890317,0.3096083567993887,1.1940691755822292,80.84048513746578,0.3096083567993887,True
997,all_features,all_features/standard/cat=0.25,Agglomerative,"{""linkage"": ""average"", ""n_clusters"": 8}",ok,,,,8,1.0,4,54,0.35258163280122706,0.30544034143080095,1.015439482017923,66.66428150402852,0.30544034143080095,False
998,all_features,all_features/standard/cat=0.25,Spectral,"{""affinity"": ""nearest_neighbors"", ""n_clusters"": 8, ""n_neighbors"": 10}",ok,,,,8,1.0,16,33,0.33472474484590187,0.27512230109185865,1.1835275007808312,84.28124894532215,0.27512230109185865,True
999,all_features,all_features/standard/cat=0.25,Spectral,"{""affinity"": ""nearest_neighbors"", ""n_clusters"": 8, ""n_neighbors"": 20}",ok,,,,8,1.0,17,39,0.3714127299392256,0.31224993687497893,1.1165033220351508,87.89273175218125,0.31224993687497893,True
1000,all_features,all_features/standard/cat=0.25,Birch,"{""n_clusters"": 8, ""threshold"": 0.2}",ok,,,,8,1.0,8,39,0.38555307464206806,0.3244653310901583,1.0030278063237341,87.16657120549455,0.3244653310901583,True
1001,all_features,all_features/standard/cat=0.25,Birch,"{""n_clusters"": 8, ""threshold"": 0.5}",ok,,,,8,1.0,10,51,0.36052380347959584,0.3057645968971476,1.1005074055526851,82.58839143506164,0.3057645968971476,True
1002,all_features,all_features/standard/cat=0.25,KMeans,"{""n_clusters"": 9}",ok,,,,9,1.0,10,39,0.3875844703726987,0.32368898221711234,1.0918643499730567,88.61455954670623,0.32368898221711234,True
1003,all_features,all_features/standard/cat=0.25,GMM,"{""covariance_type"": ""full"", ""n_components"": 9}",ok,,-6918.69821743964,-11457.182913809738,9,1.0,8,93,-0.05020610815750777,-0.048055923090666655,1.8978911773278309,20.95815442899988,-0.048055923090666655,True
1004,all_features,all_features/standard/cat=0.25,GMM,"{""covariance_type"": ""tied"", ""n_components"": 9}",ok,,-9336.27460576794,-10286.190007333775,9,1.0,4,36,0.2814460675833398,0.242129543183787,1.60480727573008,63.30755575463815,0.242129543183787,False
1005,all_features,all_features/standard/cat=0.25,GMM,"{""covariance_type"": ""diag"", ""n_components"": 9}",ok,,-13775.851281951012,-14752.153222449231,9,1.0,1,44,-0.12565963610082587,-0.09742019477902658,5.451464962182328,1.7767176826223094,-0.09742019477902658,False
1006,all_features,all_features/standard/cat=0.25,GMM,"{""covariance_type"": ""spherical"", ""n_components"": 9}",ok,,-493.80289132169764,-1024.8319873359314,9,1.0,10,35,0.36207464397328093,0.2974465586007724,1.1208160749474534,84.7095827139563,0.2974465586007724,True
1007,all_features,all_features/standard/cat=0.25,Agglomerative,"{""linkage"": ""ward"", ""n_clusters"": 9}",ok,,,,9,1.0,4,39,0.3527463724079867,0.29517674231127666,1.042800712834869,81.00044096075506,0.29517674231127666,False
1008,all_features,all_features/standard/cat=0.25,Agglomerative,"{""linkage"": ""complete"", ""n_clusters"": 9}",ok,,,,9,1.0,4,42,0.36101706268122696,0.3074306389816577,1.131032725906783,77.42328729456818,0.3074306389816577,False
1009,all_features,all_features/standard/cat=0.25,Agglomerative,"{""linkage"": ""average"", ""n_clusters"": 9}",ok,,,,9,1.0,4,54,0.37655201128198634,0.32085827014887697,0.9628741617740472,75.43951252592164,0.32085827014887697,False
1010,all_features,all_features/standard/cat=0.25,Spectral,"{""affinity"": ""nearest_neighbors"", ""n_clusters"": 9, ""n_neighbors"": 10}",ok,,,,9,1.0,12,33,0.34499829821673317,0.2837695926988899,1.2008349410755117,82.67610357199561,0.2837695926988899,True
1011,all_features,all_features/standard/cat=0.25,Spectral,"{""affinity"": ""nearest_neighbors"", ""n_clusters"": 9, ""n_neighbors"": 20}",ok,,,,9,1.0,17,32,0.32870363275369846,0.2696494581684292,1.2440952408910146,82.58591332668313,0.2696494581684292,True
1012,all_features,all_features/standard/cat=0.25,Birch,"{""n_clusters"": 9, ""threshold"": 0.2}",ok,,,,9,1.0,4,39,0.3810974777985451,0.31955637580548024,0.973650214308795,84.38467370759804,0.31955637580548024,False
1013,all_features,all_features/standard/cat=0.25,Birch,"{""n_clusters"": 9, ""threshold"": 0.5}",ok,,,,9,1.0,3,51,0.3626026934887275,0.3064903849061658,1.06395959227518,76.5240792710632,0.3064903849061658,False
1014,all_features,all_features/standard/cat=0.25,KMeans,"{""n_clusters"": 10}",ok,,,,10,1.0,10,32,0.36602735125804897,0.2997797714179995,1.144897393214773,86.45463064314869,0.2997797714179995,True
1015,all_features,all_features/standard/cat=0.25,GMM,"{""covariance_type"": ""full"", ""n_components"": 10}",ok,,-7154.975838066316,-12198.103091518264,10,1.0,8,106,-0.0945196410255594,-0.0861484985064302,1.6267349297213998,17.619430446493332,-0.0861484985064302,True
1016,all_features,all_features/standard/cat=0.25,GMM,"{""covariance_type"": ""tied"", ""n_components"": 10}",ok,,-8223.598773390815,-9229.585570187966,10,1.0,5,39,0.367167377349667,0.3109847516178345,1.1010545816435895,81.66939293899414,0.3109847516178345,True
1017,all_features,all_features/standard/cat=0.25,GMM,"{""covariance_type"": ""diag"", ""n_components"": 10}",ok,,-13430.701007741947,-14515.847421336252,10,1.0,2,41,-0.29233740895437177,-0.24226550108533293,4.253270005270085,2.903358742839018,-0.24226550108533293,False
1018,all_features,all_features/standard/cat=0.25,GMM,"{""covariance_type"": ""spherical"", ""n_components"": 10}",ok,,-630.6395875880858,-1221.0383962001843,10,1.0,10,32,0.36864694498894934,0.3016267454246495,1.1466377955256157,86.30772685193317,0.3016267454246495,True
1019,all_features,all_features/standard/cat=0.25,Agglomerative,"{""linkage"": ""ward"", ""n_clusters"": 10}",ok,,,,10,1.0,4,39,0.35212478670395714,0.29335989333836526,1.0954007763941893,77.94888630205834,0.29335989333836526,False
1020,all_features,all_features/standard/cat=0.25,Agglomerative,"{""linkage"": ""complete"", ""n_clusters"": 10}",ok,,,,10,1.0,3,42,0.35473536636185626,0.2995960500308222,1.0902625592590662,73.61651610025451,0.2995960500308222,False
1021,all_features,all_features/standard/cat=0.25,Agglomerative,"{""linkage"": ""average"", ""n_clusters"": 10}",ok,,,,10,1.0,4,54,0.36369500817718076,0.30672873537002254,0.9669252852567419,72.49902882658638,0.30672873537002254,False
1022,all_features,all_features/standard/cat=0.25,Spectral,"{""affinity"": ""nearest_neighbors"", ""n_clusters"": 10, ""n_neighbors"": 10}",ok,,,,10,1.0,12,32,0.3312012639890887,0.2694079667981052,1.241670552756979,81.26361024773023,0.2694079667981052,True
1023,all_features,all_features/standard/cat=0.25,Spectral,"{""affinity"": ""nearest_neighbors"", ""n_clusters"": 10, ""n_neighbors"": 20}",ok,,,,10,1.0,16,30,0.3229910013451947,0.26199403884169004,1.2817204815496206,82.01351120773795,0.26199403884169004,True
1024,all_features,all_features/standard/cat=0.25,Birch,"{""n_clusters"": 10, ""threshold"": 0.2}",ok,,,,10,1.0,4,39,0.3798954620642013,0.31722299184978,1.0365013619273995,81.97706274501212,0.31722299184978,False
1025,all_features,all_features/standard/cat=0.25,Birch,"{""n_clusters"": 10, ""threshold"": 0.5}",ok,,,,10,1.0,3,51,0.3486415548049162,0.29094647768956927,1.0735828260505438,73.77145690514406,0.29094647768956927,False
1026,all_features,all_features/standard/cat=0.25,DBSCAN,"{""eps"": 0.5080516670586762, ""min_samples"": 4}",ok,,,,7,0.54,4,28,0.4212473536882497,0.3306010404509139,1.3799825014371792,75.10430221267093,-0.1293989595490861,False
1027,all_features,all_features/standard/cat=0.25,DBSCAN,"{""eps"": 0.5674862441241769, ""min_samples"": 4}",ok,,,,9,0.775,4,49,0.4438689200490683,0.3717317353659463,0.8675178027422807,64.15479839332198,0.1467317353659463,False
1028,all_features,all_features/standard/cat=0.25,DBSCAN,"{""eps"": 0.6895985730784977, ""min_samples"": 4}",ok,,,,3,0.895,4,140,0.1888459226113077,0.16927272104968516,1.0793782987034917,28.68740276128061,0.06427272104968518,False
1029,all_features,all_features/standard/cat=0.25,DBSCAN,"{""eps"": 0.7651560072097012, ""min_samples"": 4}",ok,,,,2,0.955,4,187,0.1716281043776473,0.1620276806446902,0.9170610052100002,6.863314062508902,0.11702768064469016,False
1030,all_features,all_features/standard/cat=0.25,DBSCAN,"{""eps"": 0.9156714932010078, ""min_samples"": 4}",ok,,,,1,0.98,196,196,,,,,-inf,False
1031,all_features,all_features/standard/cat=0.25,DBSCAN,"{""eps"": 0.6223259701051632, ""min_samples"": 7}",ok,,,,5,0.67,10,46,0.5025495338705576,0.4283995289027097,0.8505390859098302,101.20118090185657,0.09839952890270975,False
1032,all_features,all_features/standard/cat=0.25,DBSCAN,"{""eps"": 0.7091377792313042, ""min_samples"": 7}",ok,,,,3,0.77,34,68,0.4301784561558623,0.3821812866897802,0.9892245594459878,101.3433822645569,0.1521812866897802,False
1033,all_features,all_features/standard/cat=0.25,DBSCAN,"{""eps"": 0.8372539181609845, ""min_samples"": 7}",ok,,,,1,0.92,184,184,,,,,-inf,False
1034,all_features,all_features/standard/cat=0.25,DBSCAN,"{""eps"": 0.9683642968804098, ""min_samples"": 7}",ok,,,,1,0.975,195,195,,,,,-inf,False
1035,all_features,all_features/standard/cat=0.25,DBSCAN,"{""eps"": 1.1725007294474525, ""min_samples"": 7}",ok,,,,1,1.0,200,200,,,,,-inf,False
1036,all_features,all_features/standard/cat=0.25,DBSCAN,"{""eps"": 0.7018220718790623, ""min_samples"": 10}",ok,,,,4,0.67,19,50,0.4961535737117649,0.42760639540715734,0.8628641598243971,112.10210104767758,0.09760639540715738,False
1037,all_features,all_features/standard/cat=0.25,DBSCAN,"{""eps"": 0.7858419406562162, ""min_samples"": 10}",ok,,,,2,0.805,18,143,0.24856900668868726,0.22739835781536494,1.0963595692959809,30.478803226221167,0.032398357815364986,False
1038,all_features,all_features/standard/cat=0.25,DBSCAN,"{""eps"": 0.9739612324572648, ""min_samples"": 10}",ok,,,,1,0.95,190,190,,,,,-inf,False
1039,all_features,all_features/standard/cat=0.25,DBSCAN,"{""eps"": 1.1389685026654301, ""min_samples"": 10}",ok,,,,1,0.985,197,197,,,,,-inf,False
1040,all_features,all_features/standard/cat=0.25,DBSCAN,"{""eps"": 1.3338497820008917, ""min_samples"": 10}",ok,,,,1,1.0,200,200,,,,,-inf,False
1041,all_features,all_features/standard/cat=0.25,HDBSCAN,"{""cluster_selection_method"": ""eom"", ""min_cluster_size"": 5, ""min_samples"": 3}",ok,,,,2,0.91,38,144,0.2662994740141018,0.2424451103264537,1.1711008943961703,53.71642801680843,0.15244511032645372,True
1042,all_features,all_features/standard/cat=0.25,HDBSCAN,"{""cluster_selection_method"": ""leaf"", ""min_cluster_size"": 5, ""min_samples"": 3}",ok,,,,9,0.735,7,38,0.3990697047334522,0.3185761650919515,1.2418803637878941,74.69715225236867,0.05357616509195151,False
1043,all_features,all_features/standard/cat=0.25,HDBSCAN,"{""cluster_selection_method"": ""eom"", ""min_cluster_size"": 5, ""min_samples"": 5}",ok,,,,5,0.65,11,44,0.5127670062256832,0.4373473413934973,0.8276506768540599,99.82934581797697,0.08734734139349731,False
1044,all_features,all_features/standard/cat=0.25,HDBSCAN,"{""cluster_selection_method"": ""leaf"", ""min_cluster_size"": 5, ""min_samples"": 5}",ok,,,,6,0.575,5,34,0.4657856725504838,0.3894342806219897,0.9761499046698098,83.1945820763468,-0.03556571937801034,False
1045,all_features,all_features/standard/cat=0.25,HDBSCAN,"{""cluster_selection_method"": ""eom"", ""min_cluster_size"": 5, ""min_samples"": 10}",ok,,,,5,0.51,5,40,0.5180273391002084,0.4359579129500638,0.787973012908718,73.75180087236224,-0.05404208704993618,False
1046,all_features,all_features/standard/cat=0.25,HDBSCAN,"{""cluster_selection_method"": ""leaf"", ""min_cluster_size"": 5, ""min_samples"": 10}",ok,,,,5,0.51,5,40,0.5180273391002084,0.4359579129500638,0.787973012908718,73.75180087236224,-0.05404208704993618,False
1047,all_features,all_features/standard/cat=0.25,HDBSCAN,"{""cluster_selection_method"": ""eom"", ""min_cluster_size"": 10, ""min_samples"": 3}",ok,,,,2,0.91,38,144,0.2662994740141018,0.2424451103264537,1.1711008943961703,53.71642801680843,0.15244511032645372,True
1048,all_features,all_features/standard/cat=0.25,HDBSCAN,"{""cluster_selection_method"": ""leaf"", ""min_cluster_size"": 10, ""min_samples"": 3}",ok,,,,7,0.735,10,38,0.4536804249927792,0.3779865460644974,0.964213493146457,83.46603774906372,0.11298654606449737,False
1049,all_features,all_features/standard/cat=0.25,HDBSCAN,"{""cluster_selection_method"": ""eom"", ""min_cluster_size"": 10, ""min_samples"": 5}",ok,,,,5,0.65,11,44,0.5127670062256832,0.4373473413934973,0.8276506768540599,99.82934581797697,0.08734734139349731,False
1050,all_features,all_features/standard/cat=0.25,HDBSCAN,"{""cluster_selection_method"": ""leaf"", ""min_cluster_size"": 10, ""min_samples"": 5}",ok,,,,5,0.65,11,44,0.5127670062256832,0.4373473413934973,0.8276506768540599,99.82934581797697,0.08734734139349731,False
1051,all_features,all_features/standard/cat=0.25,HDBSCAN,"{""cluster_selection_method"": ""eom"", ""min_cluster_size"": 10, ""min_samples"": 10}",ok,,,,3,0.49,26,40,0.5106303957039062,0.4438780144779068,0.9098865545719601,90.61480810116649,-0.0661219855220932,False
1052,all_features,all_features/standard/cat=0.25,HDBSCAN,"{""cluster_selection_method"": ""leaf"", ""min_cluster_size"": 10, ""min_samples"": 10}",ok,,,,3,0.49,26,40,0.5106303957039062,0.4438780144779068,0.9098865545719601,90.61480810116649,-0.0661219855220932,False
1053,all_features,all_features/standard/cat=0.25,HDBSCAN,"{""cluster_selection_method"": ""eom"", ""min_cluster_size"": 15, ""min_samples"": 3}",ok,,,,2,0.91,38,144,0.2662994740141018,0.2424451103264537,1.1711008943961703,53.71642801680843,0.15244511032645372,True
1054,all_features,all_features/standard/cat=0.25,HDBSCAN,"{""cluster_selection_method"": ""leaf"", ""min_cluster_size"": 15, ""min_samples"": 3}",ok,,,,4,0.755,18,48,0.4678173353518914,0.41256351948821585,0.9231519156228027,102.64483776952004,0.16756351948821585,False
1055,all_features,all_features/standard/cat=0.25,HDBSCAN,"{""cluster_selection_method"": ""eom"", ""min_cluster_size"": 15, ""min_samples"": 5}",ok,,,,2,0.82,34,130,0.25247492728969906,0.22659917746486583,1.2034441071356485,43.79990419946352,0.046599177464865776,False
1056,all_features,all_features/standard/cat=0.25,HDBSCAN,"{""cluster_selection_method"": ""leaf"", ""min_cluster_size"": 15, ""min_samples"": 5}",ok,,,,3,0.53,28,44,0.5304459164994669,0.4613752929594674,0.8043510270488413,119.41154796367604,-0.008624707040532587,False
1057,all_features,all_features/standard/cat=0.25,HDBSCAN,"{""cluster_selection_method"": ""eom"", ""min_cluster_size"": 15, ""min_samples"": 10}",ok,,,,3,0.49,26,40,0.5106303957039062,0.4438780144779068,0.9098865545719601,90.61480810116649,-0.0661219855220932,False
1058,all_features,all_features/standard/cat=0.25,HDBSCAN,"{""cluster_selection_method"": ""leaf"", ""min_cluster_size"": 15, ""min_samples"": 10}",ok,,,,3,0.49,26,40,0.5106303957039062,0.4438780144779068,0.9098865545719601,90.61480810116649,-0.0661219855220932,False
1059,all_features,all_features/standard/cat=0.25,HDBSCAN,"{""cluster_selection_method"": ""eom"", ""min_cluster_size"": 20, ""min_samples"": 3}",ok,,,,2,0.91,38,144,0.2662994740141018,0.2424451103264537,1.1711008943961703,53.71642801680843,0.15244511032645372,True
1060,all_features,all_features/standard/cat=0.25,HDBSCAN,"{""cluster_selection_method"": ""leaf"", ""min_cluster_size"": 20, ""min_samples"": 3}",ok,,,,3,0.665,38,48,0.48583148284869077,0.4313352059671923,0.9323258153914785,111.97204686135588,0.09633520596719236,False
1061,all_features,all_features/standard/cat=0.25,HDBSCAN,"{""cluster_selection_method"": ""eom"", ""min_cluster_size"": 20, ""min_samples"": 5}",ok,,,,2,0.82,34,130,0.25247492728969906,0.22659917746486583,1.2034441071356485,43.79990419946352,0.046599177464865776,False
1062,all_features,all_features/standard/cat=0.25,HDBSCAN,"{""cluster_selection_method"": ""leaf"", ""min_cluster_size"": 20, ""min_samples"": 5}",ok,,,,3,0.53,28,44,0.5304459164994669,0.4613752929594674,0.8043510270488413,119.41154796367604,-0.008624707040532587,False
1063,all_features,all_features/standard/cat=0.25,HDBSCAN,"{""cluster_selection_method"": ""eom"", ""min_cluster_size"": 20, ""min_samples"": 10}",ok,,,,3,0.49,26,40,0.5106303957039062,0.4438780144779068,0.9098865545719601,90.61480810116649,-0.0661219855220932,False
1064,all_features,all_features/standard/cat=0.25,HDBSCAN,"{""cluster_selection_method"": ""leaf"", ""min_cluster_size"": 20, ""min_samples"": 10}",ok,,,,3,0.49,26,40,0.5106303957039062,0.4438780144779068,0.9098865545719601,90.61480810116649,-0.0661219855220932,False
1065,all_features,all_features/standard/cat=0.25,OPTICS,"{""min_cluster_size"": 0.05, ""min_samples"": 5, ""xi"": 0.03}",ok,,,,5,0.455,13,35,0.568499612616285,0.4765037935110935,0.7479002438668245,88.92072362908327,-0.06849620648890642,False
1066,all_features,all_features/standard/cat=0.25,OPTICS,"{""min_cluster_size"": 0.05, ""min_samples"": 5, ""xi"": 0.05}",ok,,,,5,0.72,13,49,0.48689044908941675,0.41756156163807323,0.8622601968549095,103.25544809547402,0.1375615616380732,False
1067,all_features,all_features/standard/cat=0.25,OPTICS,"{""min_cluster_size"": 0.05, ""min_samples"": 5, ""xi"": 0.1}",ok,,,,1,0.175,35,35,,,,,-inf,False
1068,all_features,all_features/standard/cat=0.25,OPTICS,"{""min_cluster_size"": 0.05, ""min_samples"": 10, ""xi"": 0.03}",ok,,,,5,0.625,18,35,0.509492893969556,0.4317236289393554,0.8687787930548534,100.04352641688763,0.0567236289393554,False
1069,all_features,all_features/standard/cat=0.25,OPTICS,"{""min_cluster_size"": 0.05, ""min_samples"": 10, ""xi"": 0.05}",ok,,,,4,0.48,19,35,0.5620386405666241,0.47751155020502817,0.7746485490916422,90.69182953092644,-0.04248844979497185,False
1070,all_features,all_features/standard/cat=0.25,OPTICS,"{""min_cluster_size"": 0.05, ""min_samples"": 10, ""xi"": 0.1}",ok,,,,2,0.205,18,23,0.5823533481352777,0.49285230900575006,0.7786449280526171,61.30457830021617,-0.30214769099425,False
1071,all_features,all_features/standard/cat=0.5,KMeans,"{""n_clusters"": 2}",ok,,,,2,1.0,97,103,0.3012502988661852,0.3012502988661852,1.3565492948474414,95.66012536463332,0.3012502988661852,True
1072,all_features,all_features/standard/cat=0.5,GMM,"{""covariance_type"": ""full"", ""n_components"": 2}",ok,,-9185.497171312774,-10191.483968109926,2,1.0,38,162,-0.007253991472648241,-0.007253991472648241,7.484663035268182,1.866710555247629,-0.007253991472648241,True
1073,all_features,all_features/standard/cat=0.5,GMM,"{""covariance_type"": ""tied"", ""n_components"": 2}",ok,,-5805.527841831955,-6362.943476778573,2,1.0,90,110,0.2837813898886775,0.2837813898886775,1.3918244743840302,89.79610596805016,0.2837813898886775,True
1074,all_features,all_features/standard/cat=0.5,GMM,"{""covariance_type"": ""diag"", ""n_components"": 2}",ok,,-5481.382629925893,-5695.773258751515,2,1.0,38,162,-0.007253991472648241,-0.007253991472648241,7.484663035268182,1.866710555247629,-0.007253991472648241,True
1075,all_features,all_features/standard/cat=0.5,GMM,"{""covariance_type"": ""spherical"", ""n_components"": 2}",ok,,3150.3250951854347,3034.8839873562533,2,1.0,96,104,0.3004598577161606,0.3004598577161606,1.3564959542764692,95.46902955410259,0.3004598577161606,True
1076,all_features,all_features/standard/cat=0.5,Agglomerative,"{""linkage"": ""ward"", ""n_clusters"": 2}",ok,,,,2,1.0,100,100,0.28762193575536515,0.28762193575536515,1.400897577391403,89.61954026591673,0.28762193575536515,True
1077,all_features,all_features/standard/cat=0.5,Agglomerative,"{""linkage"": ""complete"", ""n_clusters"": 2}",ok,,,,2,1.0,74,126,0.20598440471374466,0.20598440471374466,1.8965126985558614,47.69594609952608,0.20598440471374466,True
1078,all_features,all_features/standard/cat=0.5,Agglomerative,"{""linkage"": ""average"", ""n_clusters"": 2}",ok,,,,2,1.0,94,106,0.2947925736399751,0.2947925736399751,1.3735904088977553,92.82396777647135,0.2947925736399751,True
1079,all_features,all_features/standard/cat=0.5,Spectral,"{""affinity"": ""nearest_neighbors"", ""n_clusters"": 2, ""n_neighbors"": 10}",ok,,,,2,1.0,39,161,0.21948682127019803,0.21948682127019803,1.2144584089646204,50.5782041943055,0.21948682127019803,True
1080,all_features,all_features/standard/cat=0.5,Spectral,"{""affinity"": ""nearest_neighbors"", ""n_clusters"": 2, ""n_neighbors"": 20}",ok,,,,2,1.0,39,161,0.21948682127019803,0.21948682127019803,1.2144584089646204,50.5782041943055,0.21948682127019803,True
1081,all_features,all_features/standard/cat=0.5,Birch,"{""n_clusters"": 2, ""threshold"": 0.2}",ok,,,,2,1.0,92,108,0.29224622704569003,0.29224622704569003,1.374478640019032,92.11914333723435,0.29224622704569003,True
1082,all_features,all_features/standard/cat=0.5,Birch,"{""n_clusters"": 2, ""threshold"": 0.5}",ok,,,,2,1.0,92,108,0.29224622704569003,0.29224622704569003,1.374478640019032,92.11914333723435,0.29224622704569003,True
1083,all_features,all_features/standard/cat=0.5,KMeans,"{""n_clusters"": 3}",ok,,,,3,1.0,41,91,0.31092767377227437,0.31092767377227437,1.1649837312714284,87.88077444843509,0.31092767377227437,True
1084,all_features,all_features/standard/cat=0.5,GMM,"{""covariance_type"": ""full"", ""n_components"": 3}",ok,,-11075.800200339065,-12586.429554218066,3,1.0,25,111,-0.0008284845655251782,-0.0008284845655251782,8.338909443177611,1.628736084776231,-0.0008284845655251782,True
1085,all_features,all_features/standard/cat=0.5,GMM,"{""covariance_type"": ""tied"", ""n_components"": 3}",ok,,-7125.85782495265,-7739.344855130585,3,1.0,28,87,0.13291487298721003,0.13291487298721003,2.925752125534947,42.69372101618976,0.13291487298721003,True
1086,all_features,all_features/standard/cat=0.5,GMM,"{""covariance_type"": ""diag"", ""n_components"": 3}",ok,,-8189.527692471427,-8512.762794393135,3,1.0,23,125,-0.0003243925992005303,-0.0003243925992005303,7.8917594516210245,1.5777347437331113,-0.0003243925992005303,True
1087,all_features,all_features/standard/cat=0.5,GMM,"{""covariance_type"": ""spherical"", ""n_components"": 3}",ok,,2392.4821844654844,2217.6713640384382,3,1.0,39,105,0.29963669876997484,0.29963669876997484,1.1064998956092442,84.32862392959451,0.29963669876997484,True
1088,all_features,all_features/standard/cat=0.5,Agglomerative,"{""linkage"": ""ward"", ""n_clusters"": 3}",ok,,,,3,1.0,32,100,0.3016267679968621,0.3016267679968621,1.1749355211520123,81.5650787415641,0.3016267679968621,True
1089,all_features,all_features/standard/cat=0.5,Agglomerative,"{""linkage"": ""complete"", ""n_clusters"": 3}",ok,,,,3,1.0,50,76,0.23524421813004373,0.23524421813004373,1.4624224549816613,63.28050431679166,0.23524421813004373,True
1090,all_features,all_features/standard/cat=0.5,Agglomerative,"{""linkage"": ""average"", ""n_clusters"": 3}",ok,,,,3,1.0,33,94,0.30232924602212774,0.30232924602212774,1.1800429503094447,83.70550940842848,0.30232924602212774,True
1091,all_features,all_features/standard/cat=0.5,Spectral,"{""affinity"": ""nearest_neighbors"", ""n_clusters"": 3, ""n_neighbors"": 10}",ok,,,,3,1.0,39,107,0.30349775924740796,0.30349775924740796,1.0955685668150723,84.93511682278054,0.30349775924740796,True
1092,all_features,all_features/standard/cat=0.5,Spectral,"{""affinity"": ""nearest_neighbors"", ""n_clusters"": 3, ""n_neighbors"": 20}",ok,,,,3,1.0,39,104,0.3028264258689709,0.3028264258689709,1.117517571880411,85.21784127813808,0.3028264258689709,True
1093,all_features,all_features/standard/cat=0.5,Birch,"{""n_clusters"": 3, ""threshold"": 0.2}",ok,,,,3,1.0,32,92,0.30294510083118675,0.30294510083118675,1.1937005140123984,83.38830833090242,0.30294510083118675,True
1094,all_features,all_features/standard/cat=0.5,Birch,"{""n_clusters"": 3, ""threshold"": 0.5}",ok,,,,3,1.0,32,92,0.30294510083118675,0.30294510083118675,1.1937005140123984,83.38830833090242,0.30294510083118675,True
1095,all_features,all_features/standard/cat=0.5,KMeans,"{""n_clusters"": 4}",ok,,,,4,1.0,38,65,0.3460649887989902,0.3460649887989902,1.0580029818465313,102.57582465979662,0.3460649887989902,True
1096,all_features,all_features/standard/cat=0.5,GMM,"{""covariance_type"": ""full"", ""n_components"": 4}",ok,,-8512.534959235683,-10527.806870196533,4,1.0,11,136,-0.07109202592630823,-0.07109202592630823,4.746531036937245,6.147085256115956,-0.07109202592630823,True
1097,all_features,all_features/standard/cat=0.5,GMM,"{""covariance_type"": ""tied"", ""n_components"": 4}",ok,,-5706.107447745748,-6375.665873155,4,1.0,32,69,0.3262960569725991,0.3262960569725991,1.0721248585033276,95.87030765130446,0.3262960569725991,True
1098,all_features,all_features/standard/cat=0.5,GMM,"{""covariance_type"": ""diag"", ""n_components"": 4}",ok,,-8714.674550316111,-9146.754125333904,4,1.0,30,73,-0.02628898859971131,-0.02628898859971131,6.996528528392823,2.410731736568861,-0.02628898859971131,True
1099,all_features,all_features/standard/cat=0.5,GMM,"{""covariance_type"": ""spherical"", ""n_components"": 4}",ok,,1803.4952271087207,1569.31469408381,4,1.0,37,67,0.34610749352043385,0.34610749352043385,1.0592630600872215,102.15920128869138,0.34610749352043385,True
1100,all_features,all_features/standard/cat=0.5,Agglomerative,"{""linkage"": ""ward"", ""n_clusters"": 4}",ok,,,,4,1.0,32,68,0.31725966876944084,0.31725966876944084,1.1302777597929257,88.802343832422,0.31725966876944084,True
1101,all_features,all_features/standard/cat=0.5,Agglomerative,"{""linkage"": ""complete"", ""n_clusters"": 4}",ok,,,,4,1.0,35,76,0.32159630433096326,0.32159630433096326,1.052606791228147,91.75116224253243,0.32159630433096326,True
1102,all_features,all_features/standard/cat=0.5,Agglomerative,"{""linkage"": ""average"", ""n_clusters"": 4}",ok,,,,4,1.0,33,73,0.3376542919621039,0.3376542919621039,1.0803471468808277,97.06158329765634,0.3376542919621039,True
1103,all_features,all_features/standard/cat=0.5,Spectral,"{""affinity"": ""nearest_neighbors"", ""n_clusters"": 4, ""n_neighbors"": 10}",ok,,,,4,1.0,39,69,0.31627604350229405,0.31627604350229405,1.14790281433485,88.69444381244523,0.31627604350229405,True
1104,all_features,all_features/standard/cat=0.5,Spectral,"{""affinity"": ""nearest_neighbors"", ""n_clusters"": 4, ""n_neighbors"": 20}",ok,,,,4,1.0,39,68,0.32580249751226775,0.32580249751226775,1.1097868085117346,93.39190377922733,0.32580249751226775,True
1105,all_features,all_features/standard/cat=0.5,Birch,"{""n_clusters"": 4, ""threshold"": 0.2}",ok,,,,4,1.0,32,76,0.32988115332139595,0.32988115332139595,1.09694306759554,92.64693461305724,0.32988115332139595,True
1106,all_features,all_features/standard/cat=0.5,Birch,"{""n_clusters"": 4, ""threshold"": 0.5}",ok,,,,4,1.0,32,76,0.32988115332139595,0.32988115332139595,1.09694306759554,92.64693461305724,0.32988115332139595,True
1107,all_features,all_features/standard/cat=0.5,KMeans,"{""n_clusters"": 5}",ok,,,,5,1.0,20,54,0.3503215059930524,0.3503215059930524,1.0312666004577562,98.14281350066584,0.3503215059930524,True
1108,all_features,all_features/standard/cat=0.5,GMM,"{""covariance_type"": ""full"", ""n_components"": 5}",ok,,-10828.493822754752,-13348.408290797452,5,1.0,7,81,-0.08590437212972671,-0.08590437212972671,5.216950163342057,4.903878682214877,-0.08590437212972671,True
1109,all_features,all_features/standard/cat=0.5,GMM,"{""covariance_type"": ""tied"", ""n_components"": 5}",ok,,-5691.000398680026,-6416.630219320594,5,1.0,21,63,0.3310881783502768,0.3310881783502768,1.0345352881774246,94.32825456711355,0.3310881783502768,True
1110,all_features,all_features/standard/cat=0.5,GMM,"{""covariance_type"": ""diag"", ""n_components"": 5}",ok,,-10847.487519598022,-11388.4115677119,5,1.0,7,65,-0.06925786301782492,-0.06925786301782492,6.355030730652505,1.8623007851663091,-0.06925786301782492,True
1111,all_features,all_features/standard/cat=0.5,GMM,"{""covariance_type"": ""spherical"", ""n_components"": 5}",ok,,1432.6375111346488,1139.0872655118735,5,1.0,20,58,0.34245108019806314,0.34245108019806314,1.0128876298320648,97.7124264390622,0.34245108019806314,True
1112,all_features,all_features/standard/cat=0.5,Agglomerative,"{""linkage"": ""ward"", ""n_clusters"": 5}",ok,,,,5,1.0,23,61,0.3319329819014637,0.3319329819014637,1.0680942729086618,89.58859577169217,0.3319329819014637,True
1113,all_features,all_features/standard/cat=0.5,Agglomerative,"{""linkage"": ""complete"", ""n_clusters"": 5}",ok,,,,5,1.0,19,57,0.32461742680097944,0.32461742680097944,1.0576851825165146,91.68049671573327,0.32461742680097944,True
1114,all_features,all_features/standard/cat=0.5,Agglomerative,"{""linkage"": ""average"", ""n_clusters"": 5}",ok,,,,5,1.0,2,73,0.31662595256762915,0.31662595256762915,1.0524468094196577,75.78893474298943,0.31662595256762915,False
1115,all_features,all_features/standard/cat=0.5,Spectral,"{""affinity"": ""nearest_neighbors"", ""n_clusters"": 5, ""n_neighbors"": 10}",ok,,,,5,1.0,22,55,0.31037067582300526,0.31037067582300526,1.1903805793909565,80.5035038948027,0.31037067582300526,True
1116,all_features,all_features/standard/cat=0.5,Spectral,"{""affinity"": ""nearest_neighbors"", ""n_clusters"": 5, ""n_neighbors"": 20}",ok,,,,5,1.0,23,59,0.34234753930949374,0.34234753930949374,1.0407799157497781,97.13520138238565,0.34234753930949374,True
1117,all_features,all_features/standard/cat=0.5,Birch,"{""n_clusters"": 5, ""threshold"": 0.2}",ok,,,,5,1.0,18,58,0.34494669953743257,0.34494669953743257,1.0758509501298215,91.6728149351363,0.34494669953743257,True
1118,all_features,all_features/standard/cat=0.5,Birch,"{""n_clusters"": 5, ""threshold"": 0.5}",ok,,,,5,1.0,23,53,0.34352103495995523,0.34352103495995523,1.0782070121679777,93.57214886535229,0.34352103495995523,True
1119,all_features,all_features/standard/cat=0.5,KMeans,"{""n_clusters"": 6}",ok,,,,6,1.0,21,45,0.3480051924057546,0.3480051924057546,1.0037619279066592,100.6985323942236,0.3480051924057546,True
1120,all_features,all_features/standard/cat=0.5,GMM,"{""covariance_type"": ""full"", ""n_components"": 6}",ok,,-9501.609194803914,-12526.166219928462,6,1.0,8,107,-0.1171316512292044,-0.1171316512292044,3.793723187084082,7.775887875619964,-0.1171316512292044,True
1121,all_features,all_features/standard/cat=0.5,GMM,"{""covariance_type"": ""tied"", ""n_components"": 6}",ok,,-7006.224677337468,-7787.925893209353,6,1.0,15,57,0.27192440269901724,0.27192440269901724,1.8066563844571613,58.827499690802014,0.27192440269901724,True
1122,all_features,all_features/standard/cat=0.5,GMM,"{""covariance_type"": ""diag"", ""n_components"": 6}",ok,,-10883.787791599578,-11533.556312809542,6,1.0,28,41,-0.04464864473459688,-0.04464864473459688,7.154063581722977,1.8402857673037607,-0.04464864473459688,True
1123,all_features,all_features/standard/cat=0.5,GMM,"{""covariance_type"": ""spherical"", ""n_components"": 6}",ok,,1027.5952401779718,674.6752819573321,6,1.0,22,45,0.34859733257105474,0.34859733257105474,0.9937423325059284,99.54299892907099,0.34859733257105474,True
1124,all_features,all_features/standard/cat=0.5,Agglomerative,"{""linkage"": ""ward"", ""n_clusters"": 6}",ok,,,,6,1.0,19,45,0.3353431330861628,0.3353431330861628,1.0148472622809848,94.73361523586131,0.3353431330861628,True
1125,all_features,all_features/standard/cat=0.5,Agglomerative,"{""linkage"": ""complete"", ""n_clusters"": 6}",ok,,,,6,1.0,16,50,0.3247357854736794,0.3247357854736794,1.038991776910104,91.02089068319465,0.3247357854736794,True
1126,all_features,all_features/standard/cat=0.5,Agglomerative,"{""linkage"": ""average"", ""n_clusters"": 6}",ok,,,,6,1.0,2,73,0.2935969844551507,0.2935969844551507,0.9968448428820148,65.28790671262496,0.2935969844551507,False
1127,all_features,all_features/standard/cat=0.5,Spectral,"{""affinity"": ""nearest_neighbors"", ""n_clusters"": 6, ""n_neighbors"": 10}",ok,,,,6,1.0,22,47,0.3390408822366559,0.3390408822366559,1.0108962721085353,96.35627101377811,0.3390408822366559,True
1128,all_features,all_features/standard/cat=0.5,Spectral,"{""affinity"": ""nearest_neighbors"", ""n_clusters"": 6, ""n_neighbors"": 20}",ok,,,,6,1.0,23,50,0.29839021619060885,0.29839021619060885,1.089834867503141,89.16677431596132,0.29839021619060885,True
1129,all_features,all_features/standard/cat=0.5,Birch,"{""n_clusters"": 6, ""threshold"": 0.2}",ok,,,,6,1.0,18,58,0.3389262065685608,0.3389262065685608,1.0159399619979492,92.84997139265386,0.3389262065685608,True
1130,all_features,all_features/standard/cat=0.5,Birch,"{""n_clusters"": 6, ""threshold"": 0.5}",ok,,,,6,1.0,23,53,0.3381741864230338,0.3381741864230338,1.0165524242349326,95.39551982079445,0.3381741864230338,True
1131,all_features,all_features/standard/cat=0.5,KMeans,"{""n_clusters"": 7}",ok,,,,7,1.0,21,39,0.31969020755524086,0.31969020755524086,1.0262879636134374,95.42541307572951,0.31969020755524086,True
1132,all_features,all_features/standard/cat=0.5,GMM,"{""covariance_type"": ""full"", ""n_components"": 7}",ok,,-9078.6151740745,-12607.814756280899,7,1.0,8,117,-0.13681751836955042,-0.13681751836955042,2.8493846755013577,10.341534382236503,-0.13681751836955042,True
1133,all_features,all_features/standard/cat=0.5,GMM,"{""covariance_type"": ""tied"", ""n_components"": 7}",ok,,-5625.384559996723,-6463.157171099923,7,1.0,5,49,0.33447341138157305,0.33447341138157305,0.9852663518191055,89.85338147402445,0.33447341138157305,True
1134,all_features,all_features/standard/cat=0.5,GMM,"{""covariance_type"": ""diag"", ""n_components"": 7}",ok,,-11165.196718069878,-11923.809712375925,7,1.0,1,61,-0.1898452987443967,-0.1898452987443967,5.608149584771163,1.4840338542505662,-0.1898452987443967,False
1135,all_features,all_features/standard/cat=0.5,GMM,"{""covariance_type"": ""spherical"", ""n_components"": 7}",ok,,907.4806731876449,495.1910023691404,7,1.0,10,45,0.3224504698832703,0.3224504698832703,1.071386387127004,89.66865552674881,0.3224504698832703,True
1136,all_features,all_features/standard/cat=0.5,Agglomerative,"{""linkage"": ""ward"", ""n_clusters"": 7}",ok,,,,7,1.0,19,42,0.2883754410125986,0.2883754410125986,1.052485497453144,87.22153871723727,0.2883754410125986,True
1137,all_features,all_features/standard/cat=0.5,Agglomerative,"{""linkage"": ""complete"", ""n_clusters"": 7}",ok,,,,7,1.0,12,50,0.30173729458273585,0.30173729458273585,1.238104692308125,81.95883734587875,0.30173729458273585,True
1138,all_features,all_features/standard/cat=0.5,Agglomerative,"{""linkage"": ""average"", ""n_clusters"": 7}",ok,,,,7,1.0,2,53,0.30804463226271556,0.30804463226271556,1.0170011014300713,70.50212864530612,0.30804463226271556,False
1139,all_features,all_features/standard/cat=0.5,Spectral,"{""affinity"": ""nearest_neighbors"", ""n_clusters"": 7, ""n_neighbors"": 10}",ok,,,,7,1.0,20,39,0.3147943632613223,0.3147943632613223,1.0213055092495185,92.02330221169262,0.3147943632613223,True
1140,all_features,all_features/standard/cat=0.5,Spectral,"{""affinity"": ""nearest_neighbors"", ""n_clusters"": 7, ""n_neighbors"": 20}",ok,,,,7,1.0,20,39,0.31502823408034375,0.31502823408034375,1.014162185461647,92.0659165976332,0.31502823408034375,True
1141,all_features,all_features/standard/cat=0.5,Birch,"{""n_clusters"": 7, ""threshold"": 0.2}",ok,,,,7,1.0,18,39,0.3113506243695296,0.3113506243695296,1.0607662825701467,90.51751113111345,0.3113506243695296,True
1142,all_features,all_features/standard/cat=0.5,Birch,"{""n_clusters"": 7, ""threshold"": 0.5}",ok,,,,7,1.0,6,53,0.32961535204775716,0.32961535204775716,0.9791975319618983,86.29922769209412,0.32961535204775716,True
1143,all_features,all_features/standard/cat=0.5,KMeans,"{""n_clusters"": 8}",ok,,,,8,1.0,14,39,0.3170323785560987,0.3170323785560987,1.1068198199432242,91.39394536744858,0.3170323785560987,True
1144,all_features,all_features/standard/cat=0.5,GMM,"{""covariance_type"": ""full"", ""n_components"": 8}",ok,,-7800.893742578333,-11834.735881866582,8,1.0,7,80,-0.10446094310636743,-0.10446094310636743,2.465415548129755,13.701793194065244,-0.10446094310636743,True
1145,all_features,all_features/standard/cat=0.5,GMM,"{""covariance_type"": ""tied"", ""n_components"": 8}",ok,,-6950.642243615678,-7844.486249950196,8,1.0,6,46,0.2631252564860845,0.2631252564860845,1.8957768633550036,61.91079977985139,0.2631252564860845,True
1146,all_features,all_features/standard/cat=0.5,GMM,"{""covariance_type"": ""diag"", ""n_components"": 8}",ok,,-11923.80767895887,-12791.265146361004,8,1.0,3,59,-0.07352509012941333,-0.07352509012941333,4.73321444026233,3.0720063253954133,-0.07352509012941333,False
1147,all_features,all_features/standard/cat=0.5,GMM,"{""covariance_type"": ""spherical"", ""n_components"": 8}",ok,,667.0127397768146,195.35335636044533,8,1.0,10,39,0.33034188984844937,0.33034188984844937,0.997461669653898,89.5144597911532,0.33034188984844937,True
1148,all_features,all_features/standard/cat=0.5,Agglomerative,"{""linkage"": ""ward"", ""n_clusters"": 8}",ok,,,,8,1.0,4,42,0.28392511314485697,0.28392511314485697,1.0117889098384232,82.04487310923898,0.28392511314485697,False
1149,all_features,all_features/standard/cat=0.5,Agglomerative,"{""linkage"": ""complete"", ""n_clusters"": 8}",ok,,,,8,1.0,7,43,0.31667047285063005,0.31667047285063005,1.1953963563660508,82.4145463888246,0.31667047285063005,True
1150,all_features,all_features/standard/cat=0.5,Agglomerative,"{""linkage"": ""average"", ""n_clusters"": 8}",ok,,,,8,1.0,2,53,0.30084375863882046,0.30084375863882046,1.0312314445801347,63.80129582956454,0.30084375863882046,False
1151,all_features,all_features/standard/cat=0.5,Spectral,"{""affinity"": ""nearest_neighbors"", ""n_clusters"": 8, ""n_neighbors"": 10}",ok,,,,8,1.0,12,39,0.3169743389605009,0.3169743389605009,1.064819087793692,87.54105657223727,0.3169743389605009,True
1152,all_features,all_features/standard/cat=0.5,Spectral,"{""affinity"": ""nearest_neighbors"", ""n_clusters"": 8, ""n_neighbors"": 20}",ok,,,,8,1.0,16,39,0.3135279287406547,0.3135279287406547,1.1114086376310972,88.20104105396747,0.3135279287406547,True
1153,all_features,all_features/standard/cat=0.5,Birch,"{""n_clusters"": 8, ""threshold"": 0.2}",ok,,,,8,1.0,6,39,0.31973429991083485,0.31973429991083485,1.0130324190340227,85.98949711819576,0.31973429991083485,True
1154,all_features,all_features/standard/cat=0.5,Birch,"{""n_clusters"": 8, ""threshold"": 0.5}",ok,,,,8,1.0,6,39,0.3197081597791956,0.3197081597791956,0.9995362712216951,86.9484632301554,0.3197081597791956,True
1155,all_features,all_features/standard/cat=0.5,KMeans,"{""n_clusters"": 9}",ok,,,,9,1.0,9,39,0.3249307734925253,0.3249307734925253,1.0910882951135168,88.31185870860222,0.3249307734925253,True
1156,all_features,all_features/standard/cat=0.5,GMM,"{""covariance_type"": ""full"", ""n_components"": 9}",ok,,-6319.165969715668,-10857.650666085767,9,1.0,8,116,-0.15842971099093195,-0.15842971099093195,1.857705743292173,11.881494074368101,-0.15842971099093195,True
1157,all_features,all_features/standard/cat=0.5,GMM,"{""covariance_type"": ""tied"", ""n_components"": 9}",ok,,-6868.506792847474,-7818.422194413308,9,1.0,4,47,0.2640684734348115,0.2640684734348115,1.6258615776188212,61.240312637316144,0.2640684734348115,False
1158,all_features,all_features/standard/cat=0.5,GMM,"{""covariance_type"": ""diag"", ""n_components"": 9}",ok,,-10982.939520141928,-11959.241460640147,9,1.0,3,51,-0.12404320727576454,-0.12404320727576454,4.491301404708441,3.68665938580603,-0.12404320727576454,False
1159,all_features,all_features/standard/cat=0.5,GMM,"{""covariance_type"": ""spherical"", ""n_components"": 9}",ok,,564.7310826961445,33.70198668191074,9,1.0,8,31,0.29518730403754,0.29518730403754,1.1610243441768555,86.79638247590113,0.29518730403754,True
1160,all_features,all_features/standard/cat=0.5,Agglomerative,"{""linkage"": ""ward"", ""n_clusters"": 9}",ok,,,,9,1.0,4,42,0.28837371646580917,0.28837371646580917,1.0242883061667494,78.61636937264505,0.28837371646580917,False
1161,all_features,all_features/standard/cat=0.5,Agglomerative,"{""linkage"": ""complete"", ""n_clusters"": 9}",ok,,,,9,1.0,4,43,0.3176540646727472,0.3176540646727472,1.050361958412847,78.1222359970741,0.3176540646727472,False
1162,all_features,all_features/standard/cat=0.5,Agglomerative,"{""linkage"": ""average"", ""n_clusters"": 9}",ok,,,,9,1.0,2,52,0.3139481452991226,0.3139481452991226,0.9916775693593145,71.5919200171151,0.3139481452991226,False
1163,all_features,all_features/standard/cat=0.5,Spectral,"{""affinity"": ""nearest_neighbors"", ""n_clusters"": 9, ""n_neighbors"": 10}",ok,,,,9,1.0,12,34,0.28512078949222874,0.28512078949222874,1.1851312962608427,82.48912104999212,0.28512078949222874,True
1164,all_features,all_features/standard/cat=0.5,Spectral,"{""affinity"": ""nearest_neighbors"", ""n_clusters"": 9, ""n_neighbors"": 20}",ok,,,,9,1.0,16,33,0.27551442971074125,0.27551442971074125,1.2266662241742106,83.27937567725543,0.27551442971074125,True
1165,all_features,all_features/standard/cat=0.5,Birch,"{""n_clusters"": 9, ""threshold"": 0.2}",ok,,,,9,1.0,4,39,0.31436234269548696,0.31436234269548696,0.9827485957415115,82.80114701150622,0.31436234269548696,False
1166,all_features,all_features/standard/cat=0.5,Birch,"{""n_clusters"": 9, ""threshold"": 0.5}",ok,,,,9,1.0,4,39,0.30329647409936694,0.30329647409936694,1.0462650433830842,80.67152987866795,0.30329647409936694,False
1167,all_features,all_features/standard/cat=0.5,KMeans,"{""n_clusters"": 10}",ok,,,,10,1.0,9,33,0.29966915457191395,0.29966915457191395,1.1440577641204284,86.20453594186868,0.29966915457191395,True
1168,all_features,all_features/standard/cat=0.5,GMM,"{""covariance_type"": ""full"", ""n_components"": 10}",ok,,-5504.722697063583,-10547.84995051553,10,1.0,7,93,0.009180081297562662,0.009180081297562662,1.5522279456415864,25.503408631536615,0.009180081297562662,True
1169,all_features,all_features/standard/cat=0.5,GMM,"{""covariance_type"": ""tied"", ""n_components"": 10}",ok,,-9518.09528970975,-10524.082086506902,10,1.0,8,38,0.15390656741722702,0.15390656741722702,2.25951061760522,33.82104590375814,0.15390656741722702,True
1170,all_features,all_features/standard/cat=0.5,GMM,"{""covariance_type"": ""diag"", ""n_components"": 10}",ok,,-11651.759819421595,-12736.9062330159,10,1.0,6,49,-0.0976995894016882,-0.0976995894016882,4.74449440942316,3.315189259664826,-0.0976995894016882,True
1171,all_features,all_features/standard/cat=0.5,GMM,"{""covariance_type"": ""spherical"", ""n_components"": 10}",ok,,545.030814248394,-45.3679943637045,10,1.0,9,39,0.3185259264765272,0.3185259264765272,1.0882228348243923,84.96481970159809,0.3185259264765272,True
1172,all_features,all_features/standard/cat=0.5,Agglomerative,"{""linkage"": ""ward"", ""n_clusters"": 10}",ok,,,,10,1.0,4,42,0.29078822623449185,0.29078822623449185,1.0660072111147127,76.39981708928902,0.29078822623449185,False
1173,all_features,all_features/standard/cat=0.5,Agglomerative,"{""linkage"": ""complete"", ""n_clusters"": 10}",ok,,,,10,1.0,4,43,0.30374620704438476,0.30374620704438476,1.0403034393780322,75.1992733270729,0.30374620704438476,False
1174,all_features,all_features/standard/cat=0.5,Agglomerative,"{""linkage"": ""average"", ""n_clusters"": 10}",ok,,,,10,1.0,2,52,0.3066082996158612,0.3066082996158612,0.9831492125598571,68.25436439561707,0.3066082996158612,False
1175,all_features,all_features/standard/cat=0.5,Spectral,"{""affinity"": ""nearest_neighbors"", ""n_clusters"": 10, ""n_neighbors"": 10}",ok,,,,10,1.0,12,32,0.2701891966435428,0.2701891966435428,1.246879416215894,81.05220630240541,0.2701891966435428,True
1176,all_features,all_features/standard/cat=0.5,Spectral,"{""affinity"": ""nearest_neighbors"", ""n_clusters"": 10, ""n_neighbors"": 20}",ok,,,,10,1.0,16,30,0.2652509336154318,0.2652509336154318,1.2690908851006795,82.4267998736369,0.2652509336154318,True
1177,all_features,all_features/standard/cat=0.5,Birch,"{""n_clusters"": 10, ""threshold"": 0.2}",ok,,,,10,1.0,4,36,0.29897746618277066,0.29897746618277066,0.9846064837812847,79.93188284327596,0.29897746618277066,False
1178,all_features,all_features/standard/cat=0.5,Birch,"{""n_clusters"": 10, ""threshold"": 0.5}",ok,,,,10,1.0,2,39,0.30363723392816205,0.30363723392816205,1.0372218960650295,74.65616091295026,0.30363723392816205,False
1179,all_features,all_features/standard/cat=0.5,DBSCAN,"{""eps"": 0.7396472851013713, ""min_samples"": 4}",ok,,,,8,0.63,4,42,0.3417337200265977,0.3417337200265977,1.0145256726832184,61.62659310106659,-0.02826627997340231,False
1180,all_features,all_features/standard/cat=0.5,DBSCAN,"{""eps"": 0.7938496770121634, ""min_samples"": 4}",ok,,,,6,0.775,4,81,0.24814028377634662,0.24814028377634662,1.0330287495261932,37.3931885747924,0.023140283776346637,False
1181,all_features,all_features/standard/cat=0.5,DBSCAN,"{""eps"": 0.8785594646609362, ""min_samples"": 4}",ok,,,,4,0.935,4,140,0.05195526160418067,0.05195526160418067,1.3637543702580615,22.04980851428024,-0.013044738395819273,False
1182,all_features,all_features/standard/cat=0.5,DBSCAN,"{""eps"": 0.9716889006820978, ""min_samples"": 4}",ok,,,,1,0.955,191,191,,,,,-inf,False
1183,all_features,all_features/standard/cat=0.5,DBSCAN,"{""eps"": 1.061611150252059, ""min_samples"": 4}",ok,,,,1,0.98,196,196,,,,,-inf,False
1184,all_features,all_features/standard/cat=0.5,DBSCAN,"{""eps"": 0.8652144719528271, ""min_samples"": 7}",ok,,,,5,0.72,7,54,0.3989861726811976,0.3989861726811976,0.855986985309656,94.26998492889159,0.1189861726811976,False
1185,all_features,all_features/standard/cat=0.5,DBSCAN,"{""eps"": 0.9245708007856773, ""min_samples"": 7}",ok,,,,2,0.825,36,129,0.23769150880855044,0.23769150880855044,1.2141876978451953,46.54882367423827,0.0626915088085504,False
1186,all_features,all_features/standard/cat=0.5,DBSCAN,"{""eps"": 1.020167014082339, ""min_samples"": 7}",ok,,,,1,0.93,186,186,,,,,-inf,False
1187,all_features,all_features/standard/cat=0.5,DBSCAN,"{""eps"": 1.144394392823357, ""min_samples"": 7}",ok,,,,1,0.99,198,198,,,,,-inf,False
1188,all_features,all_features/standard/cat=0.5,DBSCAN,"{""eps"": 1.295242766486173, ""min_samples"": 7}",ok,,,,1,0.995,199,199,,,,,-inf,False
1189,all_features,all_features/standard/cat=0.5,DBSCAN,"{""eps"": 0.9258681630706467, ""min_samples"": 10}",ok,,,,4,0.725,19,57,0.3976998304293109,0.3976998304293109,0.901227972502838,104.75749718019038,0.12269983042931087,False
1190,all_features,all_features/standard/cat=0.5,DBSCAN,"{""eps"": 0.9881434988001695, ""min_samples"": 10}",ok,,,,2,0.84,4,164,0.1735459770144067,0.1735459770144067,0.9417516703146691,7.82513953714512,0.013545977014406657,False
1191,all_features,all_features/standard/cat=0.5,DBSCAN,"{""eps"": 1.1391894695498173, ""min_samples"": 10}",ok,,,,1,0.955,191,191,,,,,-inf,False
1192,all_features,all_features/standard/cat=0.5,DBSCAN,"{""eps"": 1.267222940634756, ""min_samples"": 10}",ok,,,,1,0.985,197,197,,,,,-inf,False
1193,all_features,all_features/standard/cat=0.5,DBSCAN,"{""eps"": 1.4856801444135146, ""min_samples"": 10}",ok,,,,1,1.0,200,200,,,,,-inf,False
1194,all_features,all_features/standard/cat=0.5,HDBSCAN,"{""cluster_selection_method"": ""eom"", ""min_cluster_size"": 5, ""min_samples"": 3}",ok,,,,2,0.895,38,141,0.23424253976387063,0.23424253976387063,1.2054113175607737,50.36926789416459,0.12924253976387065,False
1195,all_features,all_features/standard/cat=0.5,HDBSCAN,"{""cluster_selection_method"": ""leaf"", ""min_cluster_size"": 5, ""min_samples"": 3}",ok,,,,10,0.525,5,19,0.32868539763239085,0.32868539763239085,1.2115303101650006,64.73949642245545,-0.14631460236760913,False
1196,all_features,all_features/standard/cat=0.5,HDBSCAN,"{""cluster_selection_method"": ""eom"", ""min_cluster_size"": 5, ""min_samples"": 5}",ok,,,,4,0.595,12,48,0.3955718122051288,0.3955718122051288,0.8521480306943576,72.78587214440248,-0.009428187794871201,False
1197,all_features,all_features/standard/cat=0.5,HDBSCAN,"{""cluster_selection_method"": ""leaf"", ""min_cluster_size"": 5, ""min_samples"": 5}",ok,,,,4,0.595,12,48,0.3955718122051288,0.3955718122051288,0.8521480306943576,72.78587214440248,-0.009428187794871201,False
1198,all_features,all_features/standard/cat=0.5,HDBSCAN,"{""cluster_selection_method"": ""eom"", ""min_cluster_size"": 5, ""min_samples"": 10}",ok,,,,4,0.44,6,37,0.46259899103739177,0.46259899103739177,0.7795877189971165,77.5465459011292,-0.09740100896260828,False
1199,all_features,all_features/standard/cat=0.5,HDBSCAN,"{""cluster_selection_method"": ""leaf"", ""min_cluster_size"": 5, ""min_samples"": 10}",ok,,,,4,0.44,6,37,0.46259899103739177,0.46259899103739177,0.7795877189971165,77.5465459011292,-0.09740100896260828,False
1200,all_features,all_features/standard/cat=0.5,HDBSCAN,"{""cluster_selection_method"": ""eom"", ""min_cluster_size"": 10, ""min_samples"": 3}",ok,,,,2,0.895,38,141,0.23424253976387063,0.23424253976387063,1.2054113175607737,50.36926789416459,0.12924253976387065,False
1201,all_features,all_features/standard/cat=0.5,HDBSCAN,"{""cluster_selection_method"": ""leaf"", ""min_cluster_size"": 10, ""min_samples"": 3}",ok,,,,5,0.64,12,38,0.4239836646543094,0.4239836646543094,0.8549226540414878,92.31381369912576,0.06398366465430944,False
1202,all_features,all_features/standard/cat=0.5,HDBSCAN,"{""cluster_selection_method"": ""eom"", ""min_cluster_size"": 10, ""min_samples"": 5}",ok,,,,2,0.755,32,119,0.2280803032102693,0.2280803032102693,1.2192356616021498,40.01375355951345,-0.01691969678973071,False
1203,all_features,all_features/standard/cat=0.5,HDBSCAN,"{""cluster_selection_method"": ""leaf"", ""min_cluster_size"": 10, ""min_samples"": 5}",ok,,,,4,0.595,12,48,0.3955718122051288,0.3955718122051288,0.8521480306943576,72.78587214440248,-0.009428187794871201,False
1204,all_features,all_features/standard/cat=0.5,HDBSCAN,"{""cluster_selection_method"": ""eom"", ""min_cluster_size"": 10, ""min_samples"": 10}",ok,,,,3,0.45,24,37,0.4545337083615991,0.4545337083615991,0.8879508721748736,87.46331280556059,-0.09546629163840092,False
1205,all_features,all_features/standard/cat=0.5,HDBSCAN,"{""cluster_selection_method"": ""leaf"", ""min_cluster_size"": 10, ""min_samples"": 10}",ok,,,,3,0.45,24,37,0.4545337083615991,0.4545337083615991,0.8879508721748736,87.46331280556059,-0.09546629163840092,False
1206,all_features,all_features/standard/cat=0.5,HDBSCAN,"{""cluster_selection_method"": ""eom"", ""min_cluster_size"": 15, ""min_samples"": 3}",ok,,,,2,0.895,38,141,0.23424253976387063,0.23424253976387063,1.2054113175607737,50.36926789416459,0.12924253976387065,False
1207,all_features,all_features/standard/cat=0.5,HDBSCAN,"{""cluster_selection_method"": ""leaf"", ""min_cluster_size"": 15, ""min_samples"": 3}",ok,,,,3,0.51,27,38,0.4426209417249291,0.4426209417249291,0.8330280207997315,104.02593619266624,-0.047379058275070884,False
1208,all_features,all_features/standard/cat=0.5,HDBSCAN,"{""cluster_selection_method"": ""eom"", ""min_cluster_size"": 15, ""min_samples"": 5}",ok,,,,2,0.755,32,119,0.2280803032102693,0.2280803032102693,1.2192356616021498,40.01375355951345,-0.01691969678973071,False
1209,all_features,all_features/standard/cat=0.5,HDBSCAN,"{""cluster_selection_method"": ""leaf"", ""min_cluster_size"": 15, ""min_samples"": 5}",ok,,,,3,0.605,32,48,0.3960592404942017,0.3960592404942017,0.9618437559470374,81.09468671208164,0.0010592404942016964,False
1210,all_features,all_features/standard/cat=0.5,HDBSCAN,"{""cluster_selection_method"": ""eom"", ""min_cluster_size"": 15, ""min_samples"": 10}",ok,,,,3,0.45,24,37,0.4545337083615991,0.4545337083615991,0.8879508721748736,87.46331280556059,-0.09546629163840092,False
1211,all_features,all_features/standard/cat=0.5,HDBSCAN,"{""cluster_selection_method"": ""leaf"", ""min_cluster_size"": 15, ""min_samples"": 10}",ok,,,,3,0.45,24,37,0.4545337083615991,0.4545337083615991,0.8879508721748736,87.46331280556059,-0.09546629163840092,False
1212,all_features,all_features/standard/cat=0.5,HDBSCAN,"{""cluster_selection_method"": ""eom"", ""min_cluster_size"": 20, ""min_samples"": 3}",ok,,,,2,0.895,38,141,0.23424253976387063,0.23424253976387063,1.2054113175607737,50.36926789416459,0.12924253976387065,False
1213,all_features,all_features/standard/cat=0.5,HDBSCAN,"{""cluster_selection_method"": ""leaf"", ""min_cluster_size"": 20, ""min_samples"": 3}",ok,,,,3,0.51,27,38,0.4426209417249291,0.4426209417249291,0.8330280207997315,104.02593619266624,-0.047379058275070884,False
1214,all_features,all_features/standard/cat=0.5,HDBSCAN,"{""cluster_selection_method"": ""eom"", ""min_cluster_size"": 20, ""min_samples"": 5}",ok,,,,2,0.755,32,119,0.2280803032102693,0.2280803032102693,1.2192356616021498,40.01375355951345,-0.01691969678973071,False
1215,all_features,all_features/standard/cat=0.5,HDBSCAN,"{""cluster_selection_method"": ""leaf"", ""min_cluster_size"": 20, ""min_samples"": 5}",ok,,,,3,0.605,32,48,0.3960592404942017,0.3960592404942017,0.9618437559470374,81.09468671208164,0.0010592404942016964,False
1216,all_features,all_features/standard/cat=0.5,HDBSCAN,"{""cluster_selection_method"": ""eom"", ""min_cluster_size"": 20, ""min_samples"": 10}",ok,,,,3,0.45,24,37,0.4545337083615991,0.4545337083615991,0.8879508721748736,87.46331280556059,-0.09546629163840092,False
1217,all_features,all_features/standard/cat=0.5,HDBSCAN,"{""cluster_selection_method"": ""leaf"", ""min_cluster_size"": 20, ""min_samples"": 10}",ok,,,,3,0.45,24,37,0.4545337083615991,0.4545337083615991,0.8879508721748736,87.46331280556059,-0.09546629163840092,False
1218,all_features,all_features/standard/cat=0.5,OPTICS,"{""min_cluster_size"": 0.05, ""min_samples"": 5, ""xi"": 0.03}",ok,,,,4,0.375,12,32,0.4407584469529912,0.4407584469529912,0.8557277551686759,59.950352885355585,-0.1842415530470088,False
1219,all_features,all_features/standard/cat=0.5,OPTICS,"{""min_cluster_size"": 0.05, ""min_samples"": 5, ""xi"": 0.05}",ok,,,,3,0.33,13,32,0.4652197642837058,0.4652197642837058,0.8044414927169362,63.07342930713539,-0.2047802357162941,False
1220,all_features,all_features/standard/cat=0.5,OPTICS,"{""min_cluster_size"": 0.05, ""min_samples"": 5, ""xi"": 0.1}",ok,,,,1,1.0,200,200,,,,,-inf,False
1221,all_features,all_features/standard/cat=0.5,OPTICS,"{""min_cluster_size"": 0.05, ""min_samples"": 10, ""xi"": 0.03}",ok,,,,4,0.485,16,36,0.4457551911254214,0.4457551911254214,0.8525501154117283,88.17693510967283,-0.06924480887457862,False
1222,all_features,all_features/standard/cat=0.5,OPTICS,"{""min_cluster_size"": 0.05, ""min_samples"": 10, ""xi"": 0.05}",ok,,,,3,0.4,16,34,0.41570556765756417,0.41570556765756417,0.9078855318148412,72.5028825262527,-0.1842944323424358,False
1223,all_features,all_features/standard/cat=0.5,OPTICS,"{""min_cluster_size"": 0.05, ""min_samples"": 10, ""xi"": 0.1}",ok,,,,1,1.0,200,200,,,,,-inf,False
1224,all_features,all_features/standard/cat=1.0,KMeans,"{""n_clusters"": 2}",ok,,,,2,1.0,97,103,0.24117714065612283,0.3012502988661852,1.3565492948474414,95.66012536463332,0.3012502988661852,True
1225,all_features,all_features/standard/cat=1.0,GMM,"{""covariance_type"": ""full"", ""n_components"": 2}",ok,,-7600.084687492439,-8606.07148428959,2,1.0,67,133,0.029574318907418483,0.015470546352211652,7.633627467280575,2.731054166140542,0.015470546352211652,True
1226,all_features,all_features/standard/cat=1.0,GMM,"{""covariance_type"": ""tied"", ""n_components"": 2}",ok,,-3032.9477567365593,-3590.3633916831777,2,1.0,89,111,0.2280685746173092,0.28319932068093123,1.392460981010277,89.48621600201291,0.28319932068093123,True
1227,all_features,all_features/standard/cat=1.0,GMM,"{""covariance_type"": ""diag"", ""n_components"": 2}",ok,,-3009.4700674859187,-3223.860696311541,2,1.0,67,133,0.029574318907418483,0.015470546352211652,7.633627467280575,2.731054166140542,0.015470546352211652,True
1228,all_features,all_features/standard/cat=1.0,GMM,"{""covariance_type"": ""spherical"", ""n_components"": 2}",ok,,4045.4746600867456,3930.033552257564,2,1.0,96,104,0.24050101588204428,0.3004598577161606,1.3564959542764692,95.46902955410259,0.3004598577161606,True
1229,all_features,all_features/standard/cat=1.0,Agglomerative,"{""linkage"": ""ward"", ""n_clusters"": 2}",ok,,,,2,1.0,90,110,0.23189053241084337,0.2894420912567407,1.3784064592263687,91.18102941555325,0.2894420912567407,True
1230,all_features,all_features/standard/cat=1.0,Agglomerative,"{""linkage"": ""complete"", ""n_clusters"": 2}",ok,,,,2,1.0,74,126,0.1638484821596037,0.20777387757180862,1.8834153951150743,48.32515406915565,0.20777387757180862,True
1231,all_features,all_features/standard/cat=1.0,Agglomerative,"{""linkage"": ""average"", ""n_clusters"": 2}",ok,,,,2,1.0,92,108,0.2337931363008068,0.2917673691008622,1.379980602686776,91.6787094146704,0.2917673691008622,True
1232,all_features,all_features/standard/cat=1.0,Spectral,"{""affinity"": ""nearest_neighbors"", ""n_clusters"": 2, ""n_neighbors"": 10}",ok,,,,2,1.0,42,158,0.1631547743760586,0.20751338284003332,1.2887045772677581,49.4890024098663,0.20751338284003332,True
1233,all_features,all_features/standard/cat=1.0,Spectral,"{""affinity"": ""nearest_neighbors"", ""n_clusters"": 2, ""n_neighbors"": 20}",ok,,,,2,1.0,42,158,0.1628666242565902,0.20797531170732209,1.282374332438015,49.72318515843697,0.20797531170732209,True
1234,all_features,all_features/standard/cat=1.0,Birch,"{""n_clusters"": 2, ""threshold"": 0.2}",ok,,,,2,1.0,90,110,0.23189053241084337,0.2894420912567407,1.3784064592263687,91.18102941555325,0.2894420912567407,True
1235,all_features,all_features/standard/cat=1.0,Birch,"{""n_clusters"": 2, ""threshold"": 0.5}",ok,,,,2,1.0,92,108,0.2325317962933484,0.2903039408834476,1.3785371173545216,91.55793223656714,0.2903039408834476,True
1236,all_features,all_features/standard/cat=1.0,KMeans,"{""n_clusters"": 3}",ok,,,,3,1.0,41,94,0.23602599730447177,0.3103575434807312,1.1551678009023352,87.71990254749501,0.3103575434807312,True
1237,all_features,all_features/standard/cat=1.0,GMM,"{""covariance_type"": ""full"", ""n_components"": 3}",ok,,-8404.223409728595,-9914.852763607596,3,1.0,24,140,6.592150913375616e-05,-0.0237727797673557,7.145368163247078,1.987069888601129,-0.0237727797673557,True
1238,all_features,all_features/standard/cat=1.0,GMM,"{""covariance_type"": ""tied"", ""n_components"": 3}",ok,,-4663.39003129075,-5276.877061468685,3,1.0,11,98,0.09817841740637291,0.11206240933209843,2.832014197432764,46.60168028128394,0.11206240933209843,True
1239,all_features,all_features/standard/cat=1.0,GMM,"{""covariance_type"": ""diag"", ""n_components"": 3}",ok,,-5823.6329702545445,-6146.868072176252,3,1.0,41,91,-0.003475619760138739,-0.035122286876617136,6.228938102750976,3.30463995128353,-0.035122286876617136,True
1240,all_features,all_features/standard/cat=1.0,GMM,"{""covariance_type"": ""spherical"", ""n_components"": 3}",ok,,3613.298261455726,3438.4874410286798,3,1.0,39,102,0.23100260915851117,0.305592442249089,1.115141057780287,86.55598214210004,0.305592442249089,True
1241,all_features,all_features/standard/cat=1.0,Agglomerative,"{""linkage"": ""ward"", ""n_clusters"": 3}",ok,,,,3,1.0,35,90,0.23160908232362196,0.2992949334098169,1.20290290906771,83.20120835380902,0.2992949334098169,True
1242,all_features,all_features/standard/cat=1.0,Agglomerative,"{""linkage"": ""complete"", ""n_clusters"": 3}",ok,,,,3,1.0,58,74,0.1898691265216229,0.249932022030873,1.4020908522309223,68.08814355579081,0.249932022030873,True
1243,all_features,all_features/standard/cat=1.0,Agglomerative,"{""linkage"": ""average"", ""n_clusters"": 3}",ok,,,,3,1.0,35,92,0.23205628276276954,0.3000946222348801,1.1847529097495284,83.5198085541196,0.3000946222348801,True
1244,all_features,all_features/standard/cat=1.0,Spectral,"{""affinity"": ""nearest_neighbors"", ""n_clusters"": 3, ""n_neighbors"": 10}",ok,,,,3,1.0,39,105,0.22475564047382907,0.2992083376562337,1.119929461819773,83.81003785193863,0.2992083376562337,True
1245,all_features,all_features/standard/cat=1.0,Spectral,"{""affinity"": ""nearest_neighbors"", ""n_clusters"": 3, ""n_neighbors"": 20}",ok,,,,3,1.0,39,102,0.22918014914883073,0.30380655243409693,1.122908557989729,85.96757008689123,0.30380655243409693,True
1246,all_features,all_features/standard/cat=1.0,Birch,"{""n_clusters"": 3, ""threshold"": 0.2}",ok,,,,3,1.0,35,90,0.23160908232362196,0.2992949334098169,1.20290290906771,83.20120835380902,0.2992949334098169,True
1247,all_features,all_features/standard/cat=1.0,Birch,"{""n_clusters"": 3, ""threshold"": 0.5}",ok,,,,3,1.0,35,92,0.23460734991136933,0.3030699427925746,1.190235164248505,83.96073026231352,0.3030699427925746,True
1248,all_features,all_features/standard/cat=1.0,KMeans,"{""n_clusters"": 4}",ok,,,,4,1.0,38,65,0.25725118567715005,0.3460649887989902,1.0580029818465313,102.57582465979662,0.3460649887989902,True
1249,all_features,all_features/standard/cat=1.0,GMM,"{""covariance_type"": ""full"", ""n_components"": 4}",ok,,-7764.61918241242,-9779.89109337327,4,1.0,10,147,-0.0505971984574696,-0.09270383028832625,4.041587956158324,6.704472044678731,-0.09270383028832625,True
1250,all_features,all_features/standard/cat=1.0,GMM,"{""covariance_type"": ""tied"", ""n_components"": 4}",ok,,-2933.5204791825677,-3603.078904591819,4,1.0,32,69,0.2449665283341555,0.3262960569725991,1.0721248585033278,95.87030765130447,0.3262960569725991,True
1251,all_features,all_features/standard/cat=1.0,GMM,"{""covariance_type"": ""diag"", ""n_components"": 4}",ok,,-7617.647566001046,-8049.727141018839,4,1.0,39,65,0.015950086395940408,-0.023421842662427302,6.542044624058372,2.905083059987821,-0.023421842662427302,True
1252,all_features,all_features/standard/cat=1.0,GMM,"{""covariance_type"": ""spherical"", ""n_components"": 4}",ok,,3246.0180402087453,3011.8375071838345,4,1.0,37,66,0.25774301404836886,0.3466009990755559,1.0565073035166976,102.49600389611106,0.3466009990755559,True
1253,all_features,all_features/standard/cat=1.0,Agglomerative,"{""linkage"": ""ward"", ""n_clusters"": 4}",ok,,,,4,1.0,35,75,0.24324654079329433,0.32870286181852765,1.107802994399841,92.95135291614703,0.32870286181852765,True
1254,all_features,all_features/standard/cat=1.0,Agglomerative,"{""linkage"": ""complete"", ""n_clusters"": 4}",ok,,,,4,1.0,35,68,0.2518305014214806,0.3366983144570858,1.07198488073172,97.35893958845197,0.3366983144570858,True
1255,all_features,all_features/standard/cat=1.0,Agglomerative,"{""linkage"": ""average"", ""n_clusters"": 4}",ok,,,,4,1.0,35,73,0.2511647560582919,0.3375680850359619,1.0834170066511852,97.45720468011088,0.3375680850359619,True
1256,all_features,all_features/standard/cat=1.0,Spectral,"{""affinity"": ""nearest_neighbors"", ""n_clusters"": 4, ""n_neighbors"": 10}",ok,,,,4,1.0,39,68,0.25098908000021714,0.33896946994312654,1.093859130914209,98.95313818924193,0.33896946994312654,True
1257,all_features,all_features/standard/cat=1.0,Spectral,"{""affinity"": ""nearest_neighbors"", ""n_clusters"": 4, ""n_neighbors"": 20}",ok,,,,4,1.0,39,67,0.2543818746316775,0.3427949584152111,1.0771487086199802,101.00833345734605,0.3427949584152111,True
1258,all_features,all_features/standard/cat=1.0,Birch,"{""n_clusters"": 4, ""threshold"": 0.2}",ok,,,,4,1.0,35,75,0.24324654079329433,0.32870286181852765,1.107802994399841,92.95135291614703,0.32870286181852765,True
1259,all_features,all_features/standard/cat=1.0,Birch,"{""n_clusters"": 4, ""threshold"": 0.5}",ok,,,,4,1.0,35,73,0.24320579972268153,0.32854093294139064,1.107052010573675,93.3228126133758,0.32854093294139064,True
1260,all_features,all_features/standard/cat=1.0,KMeans,"{""n_clusters"": 5}",ok,,,,5,1.0,22,58,0.2464543323700778,0.34301645635232747,1.0238774873279257,98.0425784473397,0.34301645635232747,True
1261,all_features,all_features/standard/cat=1.0,GMM,"{""covariance_type"": ""full"", ""n_components"": 5}",ok,,-8870.141073285444,-11390.055541328144,5,1.0,8,88,-0.06451558376867139,-0.12379339229252663,4.536769651676249,5.900816156716434,-0.12379339229252663,True
1262,all_features,all_features/standard/cat=1.0,GMM,"{""covariance_type"": ""tied"", ""n_components"": 5}",ok,,-2918.2212735191097,-3643.8510941596774,5,1.0,21,62,0.2390318775351606,0.3322283746482694,1.0349345023768366,94.94591895681664,0.3322283746482694,True
1263,all_features,all_features/standard/cat=1.0,GMM,"{""covariance_type"": ""diag"", ""n_components"": 5}",ok,,-8890.127386648057,-9431.051434761936,5,1.0,10,85,0.018674786381100057,-0.03353230990262264,6.297789719373253,1.997429456011581,-0.03353230990262264,True
1264,all_features,all_features/standard/cat=1.0,GMM,"{""covariance_type"": ""spherical"", ""n_components"": 5}",ok,,3084.097450290248,2790.547204667473,5,1.0,21,58,0.24708709354099995,0.3430885897526471,1.0171861979217027,97.90449042352849,0.3430885897526471,True
1265,all_features,all_features/standard/cat=1.0,Agglomerative,"{""linkage"": ""ward"", ""n_clusters"": 5}",ok,,,,5,1.0,21,54,0.24783292975829938,0.3424488285706021,1.083596940230101,92.586973699533,0.3424488285706021,True
1266,all_features,all_features/standard/cat=1.0,Agglomerative,"{""linkage"": ""complete"", ""n_clusters"": 5}",ok,,,,5,1.0,22,68,0.23596170087430277,0.32719943465593443,1.0627496592249954,90.70239873058252,0.32719943465593443,True
1267,all_features,all_features/standard/cat=1.0,Agglomerative,"{""linkage"": ""average"", ""n_clusters"": 5}",ok,,,,5,1.0,2,73,0.22956291813312427,0.3166069506893151,1.0519352357910297,76.11453216661363,0.3166069506893151,False
1268,all_features,all_features/standard/cat=1.0,Spectral,"{""affinity"": ""nearest_neighbors"", ""n_clusters"": 5, ""n_neighbors"": 10}",ok,,,,5,1.0,39,43,0.1983283566733869,0.27061148450628525,1.3897606864888068,73.19495520342596,0.27061148450628525,True
1269,all_features,all_features/standard/cat=1.0,Spectral,"{""affinity"": ""nearest_neighbors"", ""n_clusters"": 5, ""n_neighbors"": 20}",ok,,,,5,1.0,24,64,0.21736825563845102,0.2998211316321746,1.161463689602977,81.58943760587286,0.2998211316321746,True
1270,all_features,all_features/standard/cat=1.0,Birch,"{""n_clusters"": 5, ""threshold"": 0.2}",ok,,,,5,1.0,21,54,0.24783292975829938,0.3424488285706021,1.083596940230101,92.586973699533,0.3424488285706021,True
1271,all_features,all_features/standard/cat=1.0,Birch,"{""n_clusters"": 5, ""threshold"": 0.5}",ok,,,,5,1.0,20,53,0.25175678253370665,0.34687817934520493,1.0592279733587322,93.95721460743428,0.34687817934520493,True
1272,all_features,all_features/standard/cat=1.0,KMeans,"{""n_clusters"": 6}",ok,,,,6,1.0,21,45,0.2402413495623477,0.3480051924057546,1.0037619279066592,100.69853239422362,0.3480051924057546,True
1273,all_features,all_features/standard/cat=1.0,GMM,"{""covariance_type"": ""full"", ""n_components"": 6}",ok,,-7814.545409825451,-10839.10243495,6,1.0,10,118,-0.07795543269597173,-0.12981418036713976,3.464472057582291,7.45513334720824,-0.12981418036713976,True
1274,all_features,all_features/standard/cat=1.0,GMM,"{""covariance_type"": ""tied"", ""n_components"": 6}",ok,,-4533.129135022283,-5314.830350894167,6,1.0,12,61,0.20234561251768754,0.26907988848710246,1.8096793931996291,64.69949465015229,0.26907988848710246,True
1275,all_features,all_features/standard/cat=1.0,GMM,"{""covariance_type"": ""diag"", ""n_components"": 6}",ok,,-8756.99619693269,-9406.764718142653,6,1.0,7,58,0.0026412493480290123,-0.050023179876950666,5.591767790346569,2.572834200292283,-0.050023179876950666,True
1276,all_features,all_features/standard/cat=1.0,GMM,"{""covariance_type"": ""spherical"", ""n_components"": 6}",ok,,2921.8708841157795,2568.95092589514,6,1.0,21,45,0.24100928227321147,0.3482574660387311,1.0008403711650158,100.50792842406729,0.3482574660387311,True
1277,all_features,all_features/standard/cat=1.0,Agglomerative,"{""linkage"": ""ward"", ""n_clusters"": 6}",ok,,,,6,1.0,20,54,0.22673609865983357,0.32743807790235535,1.0464938189452473,90.87693852946418,0.32743807790235535,True
1278,all_features,all_features/standard/cat=1.0,Agglomerative,"{""linkage"": ""complete"", ""n_clusters"": 6}",ok,,,,6,1.0,22,41,0.19686101162964853,0.28562039580419696,1.26962935955462,84.1865992162906,0.28562039580419696,True
1279,all_features,all_features/standard/cat=1.0,Agglomerative,"{""linkage"": ""average"", ""n_clusters"": 6}",ok,,,,6,1.0,2,55,0.23330421905628776,0.32956085717282063,1.039510275114673,78.24415698852314,0.32956085717282063,False
1280,all_features,all_features/standard/cat=1.0,Spectral,"{""affinity"": ""nearest_neighbors"", ""n_clusters"": 6, ""n_neighbors"": 10}",ok,,,,6,1.0,24,40,0.21572660769922736,0.31002357186780855,1.0930806722150415,93.51338895587091,0.31002357186780855,True
1281,all_features,all_features/standard/cat=1.0,Spectral,"{""affinity"": ""nearest_neighbors"", ""n_clusters"": 6, ""n_neighbors"": 20}",ok,,,,6,1.0,23,39,0.22439199863329068,0.32175960847492674,1.0801938366625239,94.06620016963888,0.32175960847492674,True
1282,all_features,all_features/standard/cat=1.0,Birch,"{""n_clusters"": 6, ""threshold"": 0.2}",ok,,,,6,1.0,21,54,0.22781909471605816,0.32987419824637654,1.0353763013427888,91.85115379229592,0.32987419824637654,True
1283,all_features,all_features/standard/cat=1.0,Birch,"{""n_clusters"": 6, ""threshold"": 0.5}",ok,,,,6,1.0,20,53,0.23462174229904575,0.338355233951237,1.0104345109606119,94.51902570870766,0.338355233951237,True
1284,all_features,all_features/standard/cat=1.0,KMeans,"{""n_clusters"": 7}",ok,,,,7,1.0,20,39,0.21110251400596675,0.3178791708632336,1.0460359148351785,94.8469353841901,0.3178791708632336,True
1285,all_features,all_features/standard/cat=1.0,GMM,"{""covariance_type"": ""full"", ""n_components"": 7}",ok,,-8188.37031040835,-11717.569892614749,7,1.0,5,95,-0.07589233640526957,-0.13885036013683133,3.114004663719656,7.96400029523661,-0.13885036013683133,True
1286,all_features,all_features/standard/cat=1.0,GMM,"{""covariance_type"": ""tied"", ""n_components"": 7}",ok,,-2842.897535907818,-3680.6701470110193,7,1.0,8,47,0.23318876838804062,0.3360048227563625,1.1065269083772176,90.18722356194237,0.3360048227563625,True
1287,all_features,all_features/standard/cat=1.0,GMM,"{""covariance_type"": ""diag"", ""n_components"": 7}",ok,,-9899.007305350147,-10657.620299656195,7,1.0,1,65,-0.08359248177331047,-0.18322702953714354,4.871160096245786,1.9943942851694716,-0.18322702953714354,False
1288,all_features,all_features/standard/cat=1.0,GMM,"{""covariance_type"": ""spherical"", ""n_components"": 7}",ok,,2923.3258734466817,2511.0362026281773,7,1.0,9,44,0.23248198412133547,0.33699482532063313,1.1081523053007458,92.26346176455539,0.33699482532063313,True
1289,all_features,all_features/standard/cat=1.0,Agglomerative,"{""linkage"": ""ward"", ""n_clusters"": 7}",ok,,,,7,1.0,19,39,0.1932838750101305,0.2907312172797536,1.0826209321974931,86.17693007128337,0.2907312172797536,True
1290,all_features,all_features/standard/cat=1.0,Agglomerative,"{""linkage"": ""complete"", ""n_clusters"": 7}",ok,,,,7,1.0,5,41,0.1817375983133406,0.26861500577507175,1.3026675905613083,74.3625199781456,0.26861500577507175,True
1291,all_features,all_features/standard/cat=1.0,Agglomerative,"{""linkage"": ""average"", ""n_clusters"": 7}",ok,,,,7,1.0,2,55,0.21856852052856798,0.31089316206092243,1.0093119084067126,70.23201163274784,0.31089316206092243,False
1292,all_features,all_features/standard/cat=1.0,Spectral,"{""affinity"": ""nearest_neighbors"", ""n_clusters"": 7, ""n_neighbors"": 10}",ok,,,,7,1.0,13,39,0.20752118264163769,0.2926449315314266,1.1123112841696252,88.60162733871611,0.2926449315314266,True
1293,all_features,all_features/standard/cat=1.0,Spectral,"{""affinity"": ""nearest_neighbors"", ""n_clusters"": 7, ""n_neighbors"": 20}",ok,,,,7,1.0,23,39,0.2102177463300299,0.30869849051093107,1.0377284508776696,90.91923370873519,0.30869849051093107,True
1294,all_features,all_features/standard/cat=1.0,Birch,"{""n_clusters"": 7, ""threshold"": 0.2}",ok,,,,7,1.0,19,39,0.19504910029149222,0.29400876204209836,1.0730916313953858,87.15636057395203,0.29400876204209836,True
1295,all_features,all_features/standard/cat=1.0,Birch,"{""n_clusters"": 7, ""threshold"": 0.5}",ok,,,,7,1.0,10,53,0.22733447642779772,0.334193279661218,0.9827852253359656,86.80359826449542,0.334193279661218,True
1296,all_features,all_features/standard/cat=1.0,KMeans,"{""n_clusters"": 8}",ok,,,,8,1.0,12,39,0.2023356046295492,0.30819375246738645,1.1194701687028918,90.50217632891689,0.30819375246738645,True
1297,all_features,all_features/standard/cat=1.0,GMM,"{""covariance_type"": ""full"", ""n_components"": 8}",ok,,-7743.806934563199,-11777.649073851448,8,1.0,6,102,-0.15425127771089756,-0.22700385667380465,3.1123223769945083,6.716454599792296,-0.22700385667380465,True
1298,all_features,all_features/standard/cat=1.0,GMM,"{""covariance_type"": ""tied"", ""n_components"": 8}",ok,,-6137.981828337947,-7031.825834672465,8,1.0,11,52,0.11991306087743499,0.125897183287935,2.8486793101617347,41.71737024343361,0.125897183287935,True
1299,all_features,all_features/standard/cat=1.0,GMM,"{""covariance_type"": ""diag"", ""n_components"": 8}",ok,,-9908.875685091192,-10776.333152493326,8,1.0,3,63,-0.07808206599015634,-0.17759616296726613,4.641343688763742,2.4390686179372545,-0.17759616296726613,False
1300,all_features,all_features/standard/cat=1.0,GMM,"{""covariance_type"": ""spherical"", ""n_components"": 8}",ok,,2861.0840527533414,2389.4246693369723,8,1.0,9,39,0.2087424903611401,0.3186545721509695,1.0907514127271474,90.72704406833739,0.3186545721509695,True
1301,all_features,all_features/standard/cat=1.0,Agglomerative,"{""linkage"": ""ward"", ""n_clusters"": 8}",ok,,,,8,1.0,10,39,0.19948565196234358,0.3011114729148279,1.054556508321458,82.69818656019221,0.3011114729148279,True
1302,all_features,all_features/standard/cat=1.0,Agglomerative,"{""linkage"": ""complete"", ""n_clusters"": 8}",ok,,,,8,1.0,5,41,0.17900359884340727,0.2632327153086841,1.318889834543986,68.58884591241576,0.2632327153086841,True
1303,all_features,all_features/standard/cat=1.0,Agglomerative,"{""linkage"": ""average"", ""n_clusters"": 8}",ok,,,,8,1.0,2,55,0.20956519960836112,0.2970235317335658,0.9796000058940432,62.55546717983547,0.2970235317335658,False
1304,all_features,all_features/standard/cat=1.0,Spectral,"{""affinity"": ""nearest_neighbors"", ""n_clusters"": 8, ""n_neighbors"": 10}",ok,,,,8,1.0,13,38,0.1817955615745629,0.22659817129952844,1.6575903503284015,75.58625895793993,0.22659817129952844,True
1305,all_features,all_features/standard/cat=1.0,Spectral,"{""affinity"": ""nearest_neighbors"", ""n_clusters"": 8, ""n_neighbors"": 20}",ok,,,,8,1.0,19,39,0.19199882985713224,0.27541637152726606,1.317290006280966,81.1793744379189,0.27541637152726606,True
1306,all_features,all_features/standard/cat=1.0,Birch,"{""n_clusters"": 8, ""threshold"": 0.2}",ok,,,,8,1.0,10,39,0.20137065878986418,0.30452509500505753,1.045044330252338,83.69359431363584,0.30452509500505753,True
1307,all_features,all_features/standard/cat=1.0,Birch,"{""n_clusters"": 8, ""threshold"": 0.5}",ok,,,,8,1.0,4,53,0.21930467425317435,0.32532295388671506,0.9629606166545096,80.98110299213552,0.32532295388671506,False
1308,all_features,all_features/standard/cat=1.0,KMeans,"{""n_clusters"": 9}",ok,,,,9,1.0,13,39,0.19614373573257018,0.29941587622111804,1.1896254843297582,85.76307301678602,0.29941587622111804,True
1309,all_features,all_features/standard/cat=1.0,GMM,"{""covariance_type"": ""full"", ""n_components"": 9}",ok,,-5842.760293990983,-10381.244990361081,9,1.0,7,88,-0.06177110199837563,-0.11562973640372556,1.9950185074645637,16.468337007464434,-0.11562973640372556,True
1310,all_features,all_features/standard/cat=1.0,GMM,"{""covariance_type"": ""tied"", ""n_components"": 9}",ok,,-10281.597579726054,-11231.51298129189,9,1.0,6,62,0.003977596479946412,-0.0717916533751615,5.351600495897395,2.787610798289325,-0.0717916533751615,True
1311,all_features,all_features/standard/cat=1.0,GMM,"{""covariance_type"": ""diag"", ""n_components"": 9}",ok,,-11090.844893888843,-12067.146834387062,9,1.0,3,41,-0.06678267756514703,-0.1554471033340052,4.624989607639644,3.7889695641079886,-0.1554471033340052,False
1312,all_features,all_features/standard/cat=1.0,GMM,"{""covariance_type"": ""spherical"", ""n_components"": 9}",ok,,2848.340148331291,2317.311052317057,9,1.0,5,39,0.20003390131869686,0.28967987168067355,1.2778269845001058,80.3199264427353,0.28967987168067355,True
1313,all_features,all_features/standard/cat=1.0,Agglomerative,"{""linkage"": ""ward"", ""n_clusters"": 9}",ok,,,,9,1.0,10,39,0.1924739441650209,0.28832991656918916,1.1998529595420946,79.28174735361887,0.28832991656918916,True
1314,all_features,all_features/standard/cat=1.0,Agglomerative,"{""linkage"": ""complete"", ""n_clusters"": 9}",ok,,,,9,1.0,5,41,0.19075783396687956,0.2820974042849474,1.1450653017081125,72.5081065050115,0.2820974042849474,True
1315,all_features,all_features/standard/cat=1.0,Agglomerative,"{""linkage"": ""average"", ""n_clusters"": 9}",ok,,,,9,1.0,2,55,0.20955280388766614,0.30843341946094893,0.9535495981541025,69.33875804542873,0.30843341946094893,False
1316,all_features,all_features/standard/cat=1.0,Spectral,"{""affinity"": ""nearest_neighbors"", ""n_clusters"": 9, ""n_neighbors"": 10}",ok,,,,9,1.0,13,35,0.16847472836000713,0.19409325689587673,1.8018934791704402,68.60093942224206,0.19409325689587673,True
1317,all_features,all_features/standard/cat=1.0,Spectral,"{""affinity"": ""nearest_neighbors"", ""n_clusters"": 9, ""n_neighbors"": 20}",ok,,,,9,1.0,16,32,0.17275956551611024,0.22973464459852744,1.552395219839179,74.40362058802806,0.22973464459852744,True
1318,all_features,all_features/standard/cat=1.0,Birch,"{""n_clusters"": 9, ""threshold"": 0.2}",ok,,,,9,1.0,4,39,0.19669279836048034,0.29976483705513685,1.0183649557090915,80.17117683412408,0.29976483705513685,False
1319,all_features,all_features/standard/cat=1.0,Birch,"{""n_clusters"": 9, ""threshold"": 0.5}",ok,,,,9,1.0,4,53,0.2164168570427689,0.3169574754495219,1.099640554198781,76.33064136479395,0.3169574754495219,False
1320,all_features,all_features/standard/cat=1.0,KMeans,"{""n_clusters"": 10}",ok,,,,10,1.0,9,32,0.18453125661673384,0.2744101475841229,1.2943141087691425,81.13267571554114,0.2744101475841229,True
1321,all_features,all_features/standard/cat=1.0,GMM,"{""covariance_type"": ""full"", ""n_components"": 10}",ok,,-5914.318564949305,-10957.445818401253,10,1.0,6,63,-0.10833585269971703,-0.19191023782569736,2.678261095516222,9.264122380689356,-0.19191023782569736,True
1322,all_features,all_features/standard/cat=1.0,GMM,"{""covariance_type"": ""tied"", ""n_components"": 10}",ok,,-10105.8165912662,-11111.803388063352,10,1.0,2,58,-0.042796206346316756,-0.13849841176142227,4.908604848211468,2.4480122223395018,-0.13849841176142227,False
1323,all_features,all_features/standard/cat=1.0,GMM,"{""covariance_type"": ""diag"", ""n_components"": 10}",ok,,-11467.469317898225,-12552.61573149253,10,1.0,2,37,-0.11575013046222793,-0.23041801510260876,5.3926355950575395,2.0280196858880144,-0.23041801510260876,False
1324,all_features,all_features/standard/cat=1.0,GMM,"{""covariance_type"": ""spherical"", ""n_components"": 10}",ok,,2868.906564213008,2278.50775560091,10,1.0,5,31,0.17137314100625034,0.272196360082831,1.1157599960827531,80.36737786429524,0.272196360082831,True
1325,all_features,all_features/standard/cat=1.0,Agglomerative,"{""linkage"": ""ward"", ""n_clusters"": 10}",ok,,,,10,1.0,4,39,0.19547569189529854,0.2919280403223937,1.1442960995409872,76.19843470943927,0.2919280403223937,False
1326,all_features,all_features/standard/cat=1.0,Agglomerative,"{""linkage"": ""complete"", ""n_clusters"": 10}",ok,,,,10,1.0,5,41,0.18891376198483928,0.285235451673999,1.0861691315089805,73.84017763719264,0.285235451673999,True
1327,all_features,all_features/standard/cat=1.0,Agglomerative,"{""linkage"": ""average"", ""n_clusters"": 10}",ok,,,,10,1.0,2,55,0.20192124925100116,0.30040442986527394,1.0196351795095018,65.40089872025669,0.30040442986527394,False
1328,all_features,all_features/standard/cat=1.0,Spectral,"{""affinity"": ""nearest_neighbors"", ""n_clusters"": 10, ""n_neighbors"": 10}",ok,,,,10,1.0,11,34,0.16587317201506876,0.1757644620634083,1.906908479366632,62.342897799544666,0.1757644620634083,True
1329,all_features,all_features/standard/cat=1.0,Spectral,"{""affinity"": ""nearest_neighbors"", ""n_clusters"": 10, ""n_neighbors"": 20}",ok,,,,10,1.0,16,22,0.15519928495162147,0.19753424324755067,1.5852269478430983,67.41973222245976,0.19753424324755067,True
1330,all_features,all_features/standard/cat=1.0,Birch,"{""n_clusters"": 10, ""threshold"": 0.2}",ok,,,,10,1.0,4,39,0.19788640052724518,0.2961333958538054,1.136686357085691,77.20954793616437,0.2961333958538054,False
1331,all_features,all_features/standard/cat=1.0,Birch,"{""n_clusters"": 10, ""threshold"": 0.5}",ok,,,,10,1.0,4,53,0.20249111578414866,0.3035448651041283,1.0893774576217667,73.39490971516607,0.3035448651041283,False
1332,all_features,all_features/standard/cat=1.0,DBSCAN,"{""eps"": 1.1228125909262183, ""min_samples"": 4}",ok,,,,8,0.675,3,71,0.0963165303969168,0.10718301445139938,1.2662368599928202,20.006660135962694,-0.21781698554860057,False
1333,all_features,all_features/standard/cat=1.0,DBSCAN,"{""eps"": 1.205317345135351, ""min_samples"": 4}",ok,,,,2,0.785,31,126,0.17598854138071435,0.2312341245908657,1.176778502896215,41.547160989736284,0.016234124590865734,False
1334,all_features,all_features/standard/cat=1.0,DBSCAN,"{""eps"": 1.3726774813674139, ""min_samples"": 4}",ok,,,,1,0.915,183,183,,,,,-inf,False
1335,all_features,all_features/standard/cat=1.0,DBSCAN,"{""eps"": 1.4602057159878905, ""min_samples"": 4}",ok,,,,1,0.96,192,192,,,,,-inf,False
1336,all_features,all_features/standard/cat=1.0,DBSCAN,"{""eps"": 1.5139110566055989, ""min_samples"": 4}",ok,,,,1,0.99,198,198,,,,,-inf,False
1337,all_features,all_features/standard/cat=1.0,DBSCAN,"{""eps"": 1.2941131485292359, ""min_samples"": 7}",ok,,,,2,0.785,8,149,0.13901367057688122,0.15827854645695483,1.1129383946913076,11.844223086683407,-0.05672145354304514,False
1338,all_features,all_features/standard/cat=1.0,DBSCAN,"{""eps"": 1.429443409621959, ""min_samples"": 7}",ok,,,,2,0.895,1,178,0.015228108028721935,-0.0040563158319144275,0.9170502570219728,1.0613765407395006,-0.10905631583191441,False
1339,all_features,all_features/standard/cat=1.0,DBSCAN,"{""eps"": 1.5121013671321992, ""min_samples"": 7}",ok,,,,1,0.955,191,191,,,,,-inf,False
1340,all_features,all_features/standard/cat=1.0,DBSCAN,"{""eps"": 1.6131693776727385, ""min_samples"": 7}",ok,,,,1,0.98,196,196,,,,,-inf,False
1341,all_features,all_features/standard/cat=1.0,DBSCAN,"{""eps"": 1.7200366090890422, ""min_samples"": 7}",ok,,,,1,1.0,200,200,,,,,-inf,False
1342,all_features,all_features/standard/cat=1.0,DBSCAN,"{""eps"": 1.4320868510596223, ""min_samples"": 10}",ok,,,,1,0.795,159,159,,,,,-inf,False
1343,all_features,all_features/standard/cat=1.0,DBSCAN,"{""eps"": 1.4991745784005037, ""min_samples"": 10}",ok,,,,1,0.92,184,184,,,,,-inf,False
1344,all_features,all_features/standard/cat=1.0,DBSCAN,"{""eps"": 1.6013524387592846, ""min_samples"": 10}",ok,,,,1,0.965,193,193,,,,,-inf,False
1345,all_features,all_features/standard/cat=1.0,DBSCAN,"{""eps"": 1.746074041349422, ""min_samples"": 10}",ok,,,,1,0.99,198,198,,,,,-inf,False
1346,all_features,all_features/standard/cat=1.0,DBSCAN,"{""eps"": 1.8299325413859373, ""min_samples"": 10}",ok,,,,1,0.995,199,199,,,,,-inf,False
1347,all_features,all_features/standard/cat=1.0,HDBSCAN,"{""cluster_selection_method"": ""eom"", ""min_cluster_size"": 5, ""min_samples"": 3}",ok,,,,9,0.515,5,30,0.23307045472261434,0.23484679584310617,1.7846686167960952,32.18447207190739,-0.2501532041568938,False
1348,all_features,all_features/standard/cat=1.0,HDBSCAN,"{""cluster_selection_method"": ""leaf"", ""min_cluster_size"": 5, ""min_samples"": 3}",ok,,,,10,0.465,5,17,0.2068937545650368,0.14707828911318419,1.923493444756853,26.650179795500303,-0.3879217108868157,False
1349,all_features,all_features/standard/cat=1.0,HDBSCAN,"{""cluster_selection_method"": ""eom"", ""min_cluster_size"": 5, ""min_samples"": 5}",ok,,,,2,0.525,25,80,0.19704745084589903,0.26041665905460426,1.156725653372068,34.14465731325702,-0.21458334094539572,False
1350,all_features,all_features/standard/cat=1.0,HDBSCAN,"{""cluster_selection_method"": ""leaf"", ""min_cluster_size"": 5, ""min_samples"": 5}",ok,,,,5,0.25,5,18,0.24898343932509662,0.26361150954144535,1.4097257009774489,31.075888516230822,-0.48638849045855465,False
1351,all_features,all_features/standard/cat=1.0,HDBSCAN,"{""cluster_selection_method"": ""eom"", ""min_cluster_size"": 5, ""min_samples"": 10}",ok,,,,3,0.165,6,19,0.34063368256623916,0.45531646344296917,0.8308847101082139,29.16098577946767,-0.3796835365570308,False
1352,all_features,all_features/standard/cat=1.0,HDBSCAN,"{""cluster_selection_method"": ""leaf"", ""min_cluster_size"": 5, ""min_samples"": 10}",ok,,,,3,0.165,6,19,0.34063368256623916,0.45531646344296917,0.8308847101082139,29.16098577946767,-0.3796835365570308,False
1353,all_features,all_features/standard/cat=1.0,HDBSCAN,"{""cluster_selection_method"": ""eom"", ""min_cluster_size"": 10, ""min_samples"": 3}",ok,,,,3,0.72,10,104,0.15845580930122377,0.19774012109360983,1.2350991136689384,29.644885204391294,-0.0822598789063902,False
1354,all_features,all_features/standard/cat=1.0,HDBSCAN,"{""cluster_selection_method"": ""leaf"", ""min_cluster_size"": 10, ""min_samples"": 3}",ok,,,,4,0.545,10,54,0.22249706946501735,0.27496242105775964,1.1186969457316809,38.80980471964545,-0.18003757894224032,False
1355,all_features,all_features/standard/cat=1.0,HDBSCAN,"{""cluster_selection_method"": ""eom"", ""min_cluster_size"": 10, ""min_samples"": 5}",ok,,,,2,0.525,25,80,0.19704745084589903,0.26041665905460426,1.156725653372068,34.14465731325702,-0.21458334094539572,False
1356,all_features,all_features/standard/cat=1.0,HDBSCAN,"{""cluster_selection_method"": ""leaf"", ""min_cluster_size"": 10, ""min_samples"": 5}",ok,,,,3,0.35,11,34,0.27489427737834204,0.35941375912042295,0.9786721834996417,43.5368306721067,-0.2905862408795771,False
1357,all_features,all_features/standard/cat=1.0,HDBSCAN,"{""cluster_selection_method"": ""eom"", ""min_cluster_size"": 10, ""min_samples"": 10}",ok,,,,0,0.0,0,0,,,,,-inf,False
1358,all_features,all_features/standard/cat=1.0,HDBSCAN,"{""cluster_selection_method"": ""leaf"", ""min_cluster_size"": 10, ""min_samples"": 10}",ok,,,,0,0.0,0,0,,,,,-inf,False
1359,all_features,all_features/standard/cat=1.0,HDBSCAN,"{""cluster_selection_method"": ""eom"", ""min_cluster_size"": 15, ""min_samples"": 3}",ok,,,,2,0.745,30,119,0.17384147114715218,0.2271880325800808,1.1959963411453718,38.91864064068724,-0.027811967419919204,False
1360,all_features,all_features/standard/cat=1.0,HDBSCAN,"{""cluster_selection_method"": ""leaf"", ""min_cluster_size"": 15, ""min_samples"": 3}",ok,,,,3,0.495,15,54,0.2399649063267447,0.30966408939476503,1.0954471614289405,43.160313989943475,-0.19533591060523497,False
1361,all_features,all_features/standard/cat=1.0,HDBSCAN,"{""cluster_selection_method"": ""eom"", ""min_cluster_size"": 15, ""min_samples"": 5}",ok,,,,2,0.525,25,80,0.19704745084589903,0.26041665905460426,1.156725653372068,34.14465731325702,-0.21458334094539572,False
1362,all_features,all_features/standard/cat=1.0,HDBSCAN,"{""cluster_selection_method"": ""leaf"", ""min_cluster_size"": 15, ""min_samples"": 5}",ok,,,,2,0.525,25,80,0.19704745084589903,0.26041665905460426,1.156725653372068,34.14465731325702,-0.21458334094539572,False
1363,all_features,all_features/standard/cat=1.0,HDBSCAN,"{""cluster_selection_method"": ""eom"", ""min_cluster_size"": 15, ""min_samples"": 10}",ok,,,,0,0.0,0,0,,,,,-inf,False
1364,all_features,all_features/standard/cat=1.0,HDBSCAN,"{""cluster_selection_method"": ""leaf"", ""min_cluster_size"": 15, ""min_samples"": 10}",ok,,,,0,0.0,0,0,,,,,-inf,False
1365,all_features,all_features/standard/cat=1.0,HDBSCAN,"{""cluster_selection_method"": ""eom"", ""min_cluster_size"": 20, ""min_samples"": 3}",ok,,,,2,0.745,30,119,0.17384147114715218,0.2271880325800808,1.1959963411453718,38.91864064068724,-0.027811967419919204,False
1366,all_features,all_features/standard/cat=1.0,HDBSCAN,"{""cluster_selection_method"": ""leaf"", ""min_cluster_size"": 20, ""min_samples"": 3}",ok,,,,2,0.745,30,119,0.17384147114715218,0.2271880325800808,1.1959963411453718,38.91864064068724,-0.027811967419919204,False
1367,all_features,all_features/standard/cat=1.0,HDBSCAN,"{""cluster_selection_method"": ""eom"", ""min_cluster_size"": 20, ""min_samples"": 5}",ok,,,,2,0.525,25,80,0.19704745084589903,0.26041665905460426,1.156725653372068,34.14465731325702,-0.21458334094539572,False
1368,all_features,all_features/standard/cat=1.0,HDBSCAN,"{""cluster_selection_method"": ""leaf"", ""min_cluster_size"": 20, ""min_samples"": 5}",ok,,,,2,0.525,25,80,0.19704745084589903,0.26041665905460426,1.156725653372068,34.14465731325702,-0.21458334094539572,False
1369,all_features,all_features/standard/cat=1.0,HDBSCAN,"{""cluster_selection_method"": ""eom"", ""min_cluster_size"": 20, ""min_samples"": 10}",ok,,,,0,0.0,0,0,,,,,-inf,False
1370,all_features,all_features/standard/cat=1.0,HDBSCAN,"{""cluster_selection_method"": ""leaf"", ""min_cluster_size"": 20, ""min_samples"": 10}",ok,,,,0,0.0,0,0,,,,,-inf,False
1371,all_features,all_features/standard/cat=1.0,OPTICS,"{""min_cluster_size"": 0.05, ""min_samples"": 5, ""xi"": 0.03}",ok,,,,1,0.075,15,15,,,,,-inf,False
1372,all_features,all_features/standard/cat=1.0,OPTICS,"{""min_cluster_size"": 0.05, ""min_samples"": 5, ""xi"": 0.05}",ok,,,,1,0.15,30,30,,,,,-inf,False
1373,all_features,all_features/standard/cat=1.0,OPTICS,"{""min_cluster_size"": 0.05, ""min_samples"": 5, ""xi"": 0.1}",ok,,,,1,1.0,200,200,,,,,-inf,False
1374,all_features,all_features/standard/cat=1.0,OPTICS,"{""min_cluster_size"": 0.05, ""min_samples"": 10, ""xi"": 0.03}",ok,,,,2,0.255,16,35,0.3141013496110567,0.4425234628907822,0.8501775116750945,47.857743601036155,-0.3024765371092178,False
1375,all_features,all_features/standard/cat=1.0,OPTICS,"{""min_cluster_size"": 0.05, ""min_samples"": 10, ""xi"": 0.05}",ok,,,,1,1.0,200,200,,,,,-inf,False
1376,all_features,all_features/standard/cat=1.0,OPTICS,"{""min_cluster_size"": 0.05, ""min_samples"": 10, ""xi"": 0.1}",ok,,,,1,1.0,200,200,,,,,-inf,False
1377,all_features,gower,Agglomerative,"{""linkage"": ""average"", ""metric"": ""precomputed"", ""n_clusters"": 2}",ok,,,,2,1.0,79,121,0.27752020363696894,0.04130915521792637,6.209892611541784,4.541859955783412,0.04130915521792637,True
1378,all_features,gower,Agglomerative,"{""linkage"": ""complete"", ""metric"": ""precomputed"", ""n_clusters"": 2}",ok,,,,2,1.0,84,116,0.2936567655558904,0.03341187313629836,6.536089759196541,4.115266462301388,0.03341187313629836,True
1379,all_features,gower,Agglomerative,"{""linkage"": ""average"", ""metric"": ""precomputed"", ""n_clusters"": 3}",ok,,,,3,1.0,1,121,0.21865634750818216,-0.08592213323014627,4.452482105446054,2.734185267275295,-0.08592213323014627,False
1380,all_features,gower,Agglomerative,"{""linkage"": ""complete"", ""metric"": ""precomputed"", ""n_clusters"": 3}",ok,,,,3,1.0,9,107,0.2684040743699001,-0.039194746698763744,5.636143181938568,2.757370253447634,-0.039194746698763744,True
1381,all_features,gower,Agglomerative,"{""linkage"": ""average"", ""metric"": ""precomputed"", ""n_clusters"": 4}",ok,,,,4,1.0,1,79,0.23118559999049507,-0.1039669987361462,4.6467293132290655,2.6489121782033025,-0.1039669987361462,False
1382,all_features,gower,Agglomerative,"{""linkage"": ""complete"", ""metric"": ""precomputed"", ""n_clusters"": 4}",ok,,,,4,1.0,9,107,0.24735141627534651,-0.05638419022868769,5.685630093752816,2.5353763650984686,-0.05638419022868769,True
1383,all_features,gower,Agglomerative,"{""linkage"": ""average"", ""metric"": ""precomputed"", ""n_clusters"": 5}",ok,,,,5,1.0,1,79,0.24924106691310144,-0.10505733252133466,5.132626517196449,2.3675824183057967,-0.10505733252133466,False
1384,all_features,gower,Agglomerative,"{""linkage"": ""complete"", ""metric"": ""precomputed"", ""n_clusters"": 5}",ok,,,,5,1.0,9,58,0.19685672374326607,-0.06452306880987835,6.768385595673128,2.1811187449499703,-0.06452306880987835,True
1385,all_features,gower,Agglomerative,"{""linkage"": ""average"", ""metric"": ""precomputed"", ""n_clusters"": 6}",ok,,,,6,1.0,1,79,0.24237549509815903,-0.14905919073696017,4.689215220954543,2.142322479054608,-0.14905919073696017,False
1386,all_features,gower,Agglomerative,"{""linkage"": ""complete"", ""metric"": ""precomputed"", ""n_clusters"": 6}",ok,,,,6,1.0,4,58,0.18837891623348366,-0.1178750788469197,6.151935727231013,1.9719608599159697,-0.1178750788469197,False
1387,all_features,gower,Agglomerative,"{""linkage"": ""average"", ""metric"": ""precomputed"", ""n_clusters"": 7}",ok,,,,7,1.0,1,62,0.2662426716929031,-0.14847795126286623,5.167761566094844,1.9754137624006036,-0.14847795126286623,False
1388,all_features,gower,Agglomerative,"{""linkage"": ""complete"", ""metric"": ""precomputed"", ""n_clusters"": 7}",ok,,,,7,1.0,4,54,0.22680201147497306,-0.11770750974257256,5.737688660522025,1.9133907377125505,-0.11770750974257256,False
1389,all_features,gower,Agglomerative,"{""linkage"": ""average"", ""metric"": ""precomputed"", ""n_clusters"": 8}",ok,,,,8,1.0,1,62,0.2756832966508439,-0.15069241652795587,5.1775026027572535,1.8807179560387242,-0.15069241652795587,False
1390,all_features,gower,Agglomerative,"{""linkage"": ""complete"", ""metric"": ""precomputed"", ""n_clusters"": 8}",ok,,,,8,1.0,4,49,0.22985755485844264,-0.11492780237471574,5.316981574110484,2.195742673867966,-0.11492780237471574,False
1391,all_features,gower,Agglomerative,"{""linkage"": ""average"", ""metric"": ""precomputed"", ""n_clusters"": 9}",ok,,,,9,1.0,1,62,0.2837089581518707,-0.1637102603739577,5.063767317628647,1.7627448195674762,-0.1637102603739577,False
1392,all_features,gower,Agglomerative,"{""linkage"": ""complete"", ""metric"": ""precomputed"", ""n_clusters"": 9}",ok,,,,9,1.0,4,39,0.269309022395174,-0.11245648788504468,5.105490586630761,2.1777067583947662,-0.11245648788504468,False
1393,all_features,gower,Agglomerative,"{""linkage"": ""average"", ""metric"": ""precomputed"", ""n_clusters"": 10}",ok,,,,10,1.0,1,62,0.2678716164713448,-0.16878508526909272,4.716461418667622,2.166383916903513,-0.16878508526909272,False
1394,all_features,gower,Agglomerative,"{""linkage"": ""complete"", ""metric"": ""precomputed"", ""n_clusters"": 10}",ok,,,,10,1.0,4,39,0.2761753490559768,-0.1805393374136992,4.915529121061442,2.2044800719838986,-0.1805393374136992,False
1395,all_features,gower,HDBSCAN,"{""metric"": ""precomputed"", ""min_cluster_size"": 5, ""min_samples"": 3}",ok,,,,17,0.79,5,17,0.42561435511584034,-0.19986383762297072,4.355949285208826,2.0470552914985727,-0.4098638376229707,False
1396,all_features,gower,HDBSCAN,"{""metric"": ""precomputed"", ""min_cluster_size"": 5, ""min_samples"": 5}",ok,,,,12,0.635,5,20,0.519481884126918,-0.1361904044783779,4.5516050817104725,1.9368287032281504,-0.5011904044783779,False
1397,all_features,gower,HDBSCAN,"{""metric"": ""precomputed"", ""min_cluster_size"": 5, ""min_samples"": 10}",ok,,,,5,0.32,9,19,0.4941174301611771,-0.037543551508304754,4.591801279503541,1.5073690712385803,-0.7175435515083047,False
1398,all_features,gower,HDBSCAN,"{""metric"": ""precomputed"", ""min_cluster_size"": 10, ""min_samples"": 3}",ok,,,,6,0.53,11,33,0.3868680534637746,-0.045887882083794504,4.775231976675257,2.328025422624084,-0.5158878820837944,False
1399,all_features,gower,HDBSCAN,"{""metric"": ""precomputed"", ""min_cluster_size"": 10, ""min_samples"": 5}",ok,,,,6,0.47,10,30,0.44780278682942604,-0.045571518995924085,4.82342998558008,2.3549299181016194,-0.5755715189959241,False
1400,all_features,gower,HDBSCAN,"{""metric"": ""precomputed"", ""min_cluster_size"": 10, ""min_samples"": 10}",ok,,,,4,0.275,10,19,0.5032984728960619,-0.024538151800194804,4.6920466910527665,1.497218871063908,-0.7495381518001948,False
1401,all_features,gower,HDBSCAN,"{""metric"": ""precomputed"", ""min_cluster_size"": 15, ""min_samples"": 3}",ok,,,,4,0.465,16,33,0.3270391923244945,-0.023775204026160263,5.444685227626301,1.9216785744573057,-0.5587752040261602,False
1402,all_features,gower,HDBSCAN,"{""metric"": ""precomputed"", ""min_cluster_size"": 15, ""min_samples"": 5}",ok,,,,3,0.335,16,30,0.3600681362701108,0.0004117356465027557,5.562336745515779,1.757942547531429,-0.6645882643534973,False
1403,all_features,gower,HDBSCAN,"{""metric"": ""precomputed"", ""min_cluster_size"": 15, ""min_samples"": 10}",ok,,,,0,0.0,0,0,,,,,-inf,False
1404,all_features,gower,HDBSCAN,"{""metric"": ""precomputed"", ""min_cluster_size"": 20, ""min_samples"": 3}",ok,,,,2,0.57,27,87,0.2871355533794764,0.08787986411719191,4.541819279025352,3.89019744945722,-0.34212013588280815,False
1405,all_features,gower,HDBSCAN,"{""metric"": ""precomputed"", ""min_cluster_size"": 20, ""min_samples"": 5}",ok,,,,2,0.49,21,77,0.2861277543675578,0.10262391406746373,4.072147882201131,3.92390729684019,-0.40737608593253627,False
1406,all_features,gower,HDBSCAN,"{""metric"": ""precomputed"", ""min_cluster_size"": 20, ""min_samples"": 10}",ok,,,,0,0.0,0,0,,,,,-inf,False
